ACCIDENT_YEAR,COLLISION_DATE,COLLISION_TIME,MONTH,SEASON,24HOURS,DAY_OF_WEEK,INTERSECTION,WEATHER_1,STATE_HWY_IND,ROAD_SURFACE,ROAD_COND_1,LIGHTING,STWD_VEHTYPE_AT_FAULT,CHP_VEHTYPE_AT_FAULT,DIRECTION,PCF_VIOL_CATEGORY,TYPE_OF_COLLISION,PEDESTRIAN_ACCIDENT,BICYCLE_ACCIDENT,MOTORCYCLE_ACCIDENT,TRUCK_ACCIDENT,MVIW,TOW_AWAY,HIT_AND_RUN,CONTROL_DEVICE,NUMBER_INJURED,COUNT_PED_INJURED,COUNT_BICYCLIST_INJURED,COUNT_MC_INJURED,PCF_VIOLATION,PARTY_COUNT,POINT_Y,POINT_X,COLLISION_SEVERITY
2012,2012-05-12,2300,5,1,23,6,N,A,N,A,H,C,-,- ,N,05,G,Y,,,,B,N,N,A,1,1,0,0,21650.0,2,35.49256121,-120.6683076,4
2012,2012-05-31,1244,5,1,12,4,N,A,N,A,H,A,L,04,S,09,D,,Y,,,G,N,N,D,1,0,1,0,21804.0,2,35.48426121,-120.66233039,3
2012,2012-06-26,1156,6,2,11,2,Y,A,Y,A,H,A,A,01,,03,C,,,,,C,N,N,A,1,0,0,0,22350.0,2,35.46910065,-120.66987634,4
2012,2012-07-05,2100,7,2,21,4,N,B,Y,A,H,D,A,01,S,07,D,,,Y,,C,Y,F,D,1,0,0,1,21658.0,3,35.37710617,-120.63579087,4
2012,2012-07-07,340,7,2,3,6,N,B,Y,A,H,D,A,01,N,08,E,,,,,I,Y,N,D,1,0,0,0,22107.0,1,35.04019539,-120.48750788,3
2012,2012-07-15,1757,7,2,17,7,N,A,N,A,H,A,C,02,W,01,E,,,Y,,I,Y,N,D,1,0,0,1,23152.0,1,35.10167406,-120.57335233,3
2012,2012-07-10,40,7,2,0,2,N,A,Y,A,H,D,A,01,W,08,E,,,,,I,Y,N,D,1,0,0,0,22107.0,1,35.42430669,-120.78258621,4
2012,2012-07-10,1515,7,2,15,2,N,A,Y,A,H,A,A,01,S,08,E,,,,,I,Y,N,D,1,0,0,0,22107.0,1,35.37604521,-120.63712474,4
2012,2012-07-16,1605,7,2,16,1,N,A,Y,A,H,A,A,01,N,12,D,,,,,C,Y,N,A,1,0,0,0,22450.0,2,35.11211325,-120.61598866,4
2012,2012-07-19,1220,7,2,12,4,N,A,Y,A,H,A,D,22,N,03,C,,,,,C,N,N,D,2,0,0,0,22350.0,2,35.07825204,-120.52400716,4
2012,2012-07-20,1613,7,2,16,5,Y,A,Y,A,H,A,D,22,,09,D,,,,,C,Y,N,A,1,0,0,0,21804.0,2,35.65951492,-120.56094265,2
2012,2012-07-23,1550,7,2,15,1,N,A,N,A,H,A,D,22,S,08,E,,,,,I,Y,N,D,1,0,0,0,22107.0,1,35.66005089,-120.77565908,3
2012,2012-07-15,1408,7,2,14,7,N,A,N,A,H,A,A,01,S,03,G,Y,,,,B,N,N,D,2,2,0,0,22350.0,5,35.44917866,-120.90507908,3
2012,2012-07-21,1720,7,2,17,6,N,A,Y,A,H,A,A,01,S,08,F,,,,,A,Y,N,D,1,0,0,0,22107.0,1,35.12389831,-120.59186428,4
2012,2012-07-14,44,7,2,0,6,N,B,Y,A,H,D,A,07,N,01,C,,,,,C,Y,N,D,1,0,0,0,23152.0,2,35.00508241,-120.44229236,4
2012,2012-07-11,1151,7,2,11,3,N,A,N,A,H,A,A,01,S,03,C,,,,,C,N,N,A,1,0,0,0,22350.0,3,35.27352703,-120.66961595,4
2012,2012-07-08,1218,7,2,12,7,N,A,Y,A,H,A,M,47,N,07,B,,,,,C,Y,N,D,1,0,0,0,21658.0,3,35.47162354,-120.65583516,4
2012,2012-07-06,1209,7,2,12,5,Y,A,N,A,H,A,D,22,,10,G,Y,,,,B,N,N,A,1,1,0,0,21950.0,2,35.27871491,-120.66292256,3
2012,2012-07-26,2130,7,2,21,4,N,A,N,A,H,C,A,01,N,01,A,,,,,C,Y,N,A,1,0,0,0,23152.0,2,35.25125762,-120.64473321,3
2012,2012-07-27,520,7,2,5,5,N,B,Y,A,H,B,-,- ,S,18,H,,,Y,,H,Y,N,D,2,0,0,2,,1,35.74775326,-121.31197626,3
2012,2012-07-17,1035,7,2,10,2,N,B,Y,A,H,A,A,07,N,07,B,,,,,C,Y,N,D,1,0,0,0,21658.0,3,35.51603113,-120.70126106,3
2012,2012-07-25,1300,7,2,13,3,N,A,Y,A,H,A,A,07,S,08,E,,,Y,,I,N,N,D,1,0,0,1,22107.0,2,35.67098511,-121.27944749,3
2012,2012-07-26,1045,7,2,10,4,N,A,N,A,H,A,A,01,E,08,E,,,,,I,Y,N,D,1,0,0,0,22107.0,1,35.55916122,-120.74397415,3
2012,2012-07-27,1730,7,2,17,5,N,A,N,A,H,A,A,07,S,06,D,,,Y,,C,Y,N,D,1,0,0,1,21750.0,2,35.56697102,-120.54150224,2
2012,2012-07-28,1700,7,2,17,6,N,A,Y,A,H,A,L,04,S,01,H,,Y,,,G,N,N,D,1,0,1,0,21200.0,2,35.17893581,-120.59187627,2
2012,2012-07-20,200,7,2,2,5,N,A,N,A,H,D,D,22,N,01,E,,,,,I,Y,M,D,1,0,0,0,23152.0,1,35.20378651,-120.7160184,3
2012,2012-07-31,1510,7,2,15,2,N,A,N,A,H,A,D,22,N,08,E,,,,,I,Y,N,D,1,0,0,0,22107.0,1,35.62917516,-120.55453918,2
2012,2012-07-21,1834,7,2,18,6,N,A,N,A,H,A,D,22,S,05,B,,,,,C,Y,N,D,1,0,0,0,21752.0,2,35.61407786,-120.69291111,4
2012,2012-07-21,26,7,2,0,6,Y,A,N,A,H,C,D,22,,12,D,,,,,C,N,M,A,1,0,0,0,22450.0,2,35.63096495,-120.68924265,4
2012,2012-08-02,30,8,2,0,4,N,A,Y,A,H,D,A,01,N,08,E,,,,,I,Y,N,D,1,0,0,0,22107.0,1,35.09414487,-120.5434826,4
2012,2012-08-05,2047,8,2,20,7,N,A,Y,A,H,D,A,07,S,01,F,,,,,J,Y,N,D,1,0,0,0,23152.0,1,35.23567516,-120.68512976,3
2012,2012-07-18,1319,7,2,13,3,N,A,N,A,H,A,A,01,S,03,C,,,,,C,N,M,A,1,0,0,0,22350.0,2,35.28284462,-120.65579475,4
2012,2012-07-04,1259,7,2,12,3,N,A,N,A,H,A,A,01,N,09,D,,,,,C,Y,N,A,2,0,0,0,21804.0,2,35.26450348,-120.65247167,3
2012,2012-07-24,1105,7,2,11,2,N,A,Y,A,H,A,D,22,E,09,D,,,,,C,Y,N,D,1,0,0,0,21801.0,2,35.38334969,-120.62859066,4
2012,2012-07-27,548,7,2,5,5,N,A,Y,A,H,B,A,01,W,08,E,,,,,I,Y,N,D,1,0,0,0,22107.0,1,35.4564277,-120.41445321,3
2012,2012-08-07,1340,8,2,13,2,Y,A,N,A,H,A,A,07,,08,A,,,,,C,Y,N,A,1,0,0,0,22107.0,2,35.62326498,-120.6626827,4
2012,2012-07-31,1820,7,2,18,2,Y,A,N,A,H,A,A,01,,09,D,,,,,C,Y,N,A,1,0,0,0,21801.0,2,35.24676494,-120.6830526,3
2012,2012-07-30,1744,7,2,17,1,N,A,N,A,H,A,A,01,W,08,F,,,,,A,N,N,D,1,0,0,0,22107.0,1,35.59910251,-120.56818791,4
2012,2012-07-29,10,7,2,0,7,N,A,Y,A,H,D,A,01,W,01,E,,,,,I,Y,N,D,1,0,0,0,23152.0,1,35.39347966,-120.60496371,3
2012,2012-07-20,926,7,2,9,5,Y,A,Y,A,H,A,-,- ,,09,D,,,,,C,Y,N,D,2,0,0,0,21801.0,2,35.64466355,-120.64935496,3
2012,2012-07-21,957,7,2,9,6,Y,A,N,A,H,A,A,01,,03,C,,,,,C,N,N,A,3,0,0,0,22350.0,2,35.61524487,-120.6905927,4
2012,2012-07-25,1915,7,2,19,3,N,A,Y,A,H,A,A,01,E,01,F,,,,,A,Y,M,D,1,0,0,0,23152.0,1,35.04625799,-120.56922291,3
2012,2012-07-28,1149,7,2,11,6,N,A,N,A,H,A,A,08,E,03,C,,,,,C,Y,N,D,1,0,0,0,22350.0,4,35.27081603,-120.70631616,3
2012,2012-07-20,1715,7,2,17,5,N,A,Y,A,H,A,A,01,N,03,C,,,,,C,Y,N,D,3,0,0,0,22350.0,4,35.29182488,-120.65376478,4
2012,2012-07-30,1750,7,2,17,1,N,A,N,A,H,A,A,01,N,01,A,,,,,C,Y,N,D,2,0,0,0,23152.0,2,35.10952009,-120.58085036,3
2012,2012-08-06,1720,8,2,17,1,N,A,Y,A,H,A,D,22,N,03,C,,,,,C,N,N,D,1,0,0,0,22350.0,2,35.11952691,-120.57917707,4
2012,2012-07-31,1734,7,2,17,2,N,B,Y,A,H,A,D,22,S,03,C,,,,,C,Y,N,D,1,0,0,0,22350.0,2,35.18005993,-120.69986324,4
2012,2012-08-07,1245,8,2,12,2,N,A,Y,A,H,A,G,25,N,07,C,,,,Y,C,N,N,D,1,0,0,0,21658.0,2,35.39686545,-120.6228197,4
2012,2012-08-09,1540,8,2,15,4,N,A,Y,A,H,A,A,08,S,08,B,,,,,C,Y,N,D,1,0,0,0,22107.0,2,35.64121103,-121.17770807,4
2012,2012-08-16,1430,8,2,14,4,N,A,Y,A,D,A,A,07,N,03,C,,,,,C,Y,N,D,2,0,0,0,22350.0,2,35.39549328,-120.62313524,4
2012,2012-08-26,1900,8,2,19,7,N,A,Y,A,H,A,D,22,E,01,B,,,,Y,C,Y,N,D,2,0,0,0,23152.0,2,35.01840914,-120.29795293,3
2012,2012-08-18,1205,8,2,12,6,N,A,N,A,H,A,L,04,S,03,B,,Y,,,E,N,N,D,1,0,1,0,22350.0,2,35.24806915,-120.67289808,4
2012,2012-08-17,310,8,2,3,5,N,A,Y,A,D,D,A,01,N,01,A,,,,,C,Y,N,A,4,0,0,0,23152.0,2,35.49340583,-120.67760036,2
2012,2012-09-27,1430,9,3,14,4,N,A,Y,A,D,A,E,22,N,03,C,,,,,C,Y,N,A,1,0,0,0,22350.0,2,35.4549349,-120.64291265,4
2012,2012-07-24,958,7,2,9,2,Y,A,N,A,H,A,-,- ,,09,B,,,,,C,Y,N,A,1,0,0,0,21802.0,3,35.12661488,-120.6261426,4
2012,2012-08-14,1219,8,2,12,2,N,A,Y,A,H,A,C,02,W,03,C,,,Y,,C,Y,N,D,1,0,0,1,22350.0,3,35.73237553,-120.29141637,3
2012,2012-08-25,515,8,2,5,6,N,A,Y,A,H,D,D,22,S,01,E,,,,,I,Y,N,D,1,0,0,0,23152.0,1,35.79000944,-120.73078835,3
2012,2012-08-13,1539,8,2,15,1,N,A,Y,A,H,A,D,22,N,08,E,,,,,I,Y,M,D,2,0,0,0,22107.0,1,35.77465095,-120.71159678,3
2012,2012-08-10,620,8,2,6,5,N,A,Y,A,H,A,D,23,W,08,F,,,,,A,Y,N,D,1,0,0,0,22107.0,1,35.72844087,-120.19843636,3
2012,2012-08-19,1550,8,2,15,7,Y,A,N,A,H,A,A,01,,09,D,,,,,C,Y,N,D,2,0,0,0,21801.0,2,35.75679458,-120.88378429,4
2012,2012-08-26,1820,8,2,18,7,Y,A,N,A,H,A,D,22,,01,D,,,,,C,Y,N,A,1,0,0,0,23152.0,2,35.09482484,-120.57486264,4
2012,2012-08-20,1820,8,2,18,1,N,A,N,A,H,A,D,22,S,09,D,,Y,,,G,N,N,D,1,0,1,0,21801.0,2,35.18068942,-120.72737026,2
2012,2012-09-12,1435,9,3,14,3,N,A,Y,A,H,A,A,01,S,03,C,,,,,C,Y,N,D,3,0,0,0,22350.0,3,35.43942489,-120.63782264,3
2012,2012-08-06,1821,8,2,18,1,N,A,N,A,H,A,D,22,W,03,C,,,,,C,N,N,A,1,0,0,0,22350.0,3,,,4
2012,2012-08-13,2147,8,2,21,1,Y,A,Y,A,H,C,D,22,,08,B,,,Y,,C,Y,N,A,1,0,0,1,22107.0,2,35.23949487,-120.68353263,2
2012,2012-08-20,1657,8,2,16,1,N,A,N,A,H,A,A,01,E,09,D,,,,,C,N,N,A,1,0,0,0,21801.0,3,35.25718252,-120.68952518,4
2012,2012-08-14,1641,8,2,16,2,Y,A,Y,A,H,A,D,22,,09,D,,Y,,,G,N,N,A,1,0,1,0,21802.0,2,35.29590907,-120.66976732,2
2012,2012-08-17,1049,8,2,10,5,N,A,Y,A,H,A,A,07,E,09,D,,,,,C,Y,N,A,3,0,0,0,21804.0,2,35.24767487,-120.68055263,4
2012,2012-08-17,1243,8,2,12,5,Y,B,Y,A,H,A,A,01,,03,C,,,,,C,Y,N,A,1,0,0,0,22350.0,2,35.28795081,-120.66472073,3
2012,2012-08-24,822,8,2,8,5,Y,B,N,A,H,A,A,01,,09,D,,,,,C,Y,N,A,1,0,0,0,21801.0,2,35.26478484,-120.7000626,3
2012,2012-09-10,1141,9,3,11,1,Y,A,N,A,H,A,F,26,,12,B,,,,Y,C,Y,N,A,2,0,0,0,21453.0,2,35.61502498,-120.68025269,4
2012,2012-09-04,1942,9,3,19,2,N,A,N,A,H,D,L,04,S,05,D,,Y,,,G,N,N,D,1,0,1,0,21650.0,2,35.64479838,-120.69292963,4
2012,2012-09-23,935,9,3,9,7,N,A,N,A,H,A,L,04,W,08,C,,Y,,,G,N,N,A,1,0,1,0,22107.0,2,35.28666387,-120.65388106,3
2012,2012-09-19,1448,9,3,14,3,N,A,N,A,H,A,L,04,S,05,A,,Y,,,G,N,N,D,1,0,1,0,21650.0,2,35.26797744,-120.65518533,3
2012,2012-09-24,1541,9,3,15,1,Y,A,Y,A,H,A,A,01,,03,C,,,,,C,Y,N,A,3,0,0,0,22350.0,3,35.26046487,-120.67365263,4
2012,2012-09-24,1910,9,3,19,1,Y,A,Y,A,D,B,A,01,,09,D,,,,Y,C,Y,N,A,1,0,0,0,21802.0,2,35.65951492,-120.56094265,4
2012,2012-09-27,1400,9,3,14,4,N,A,N,A,H,A,D,22,E,05,E,,,,,I,Y,N,D,3,0,0,0,21650.0,1,35.17814198,-120.7482432,3
2012,2012-08-29,1858,8,2,18,3,N,A,Y,A,H,A,F,26,N,01,E,,,,Y,I,Y,N,D,1,0,0,0,23152.0,1,35.66467491,-120.69655268,2
2012,2012-08-11,1347,8,2,13,6,-,A,Y,A,H,A,D,22,,08,D,,Y,,,G,N,N,D,1,0,1,0,22107.0,2,35.14631491,-120.64493253,3
2012,2012-08-21,1455,8,2,14,2,N,A,Y,A,H,A,D,22,S,03,C,,,,,C,Y,N,D,1,0,0,0,22350.0,2,35.4871449,-120.66850265,4
2012,2012-08-17,1832,8,2,18,5,N,A,Y,A,H,A,D,22,S,04,E,,,,,I,Y,N,D,2,0,0,0,21703.0,2,35.01478057,-120.45995742,3
2012,2012-09-01,1158,9,3,11,6,N,A,N,A,H,A,D,22,S,03,C,,,,,C,Y,N,D,1,0,0,0,22350.0,2,35.5576738,-120.70112586,4
2012,2012-08-31,2250,8,2,22,5,N,A,N,A,H,D,D,22,E,03,E,,,,,I,Y,N,D,2,0,0,0,22350.0,1,35.59911789,-120.5712369,2
2012,2012-08-19,940,8,2,9,7,N,A,Y,A,H,A,A,07,W,03,C,,,,,C,Y,N,D,2,0,0,0,22350.0,2,35.19305487,-120.70041263,3
2012,2012-09-14,1810,9,3,18,5,N,A,Y,A,H,A,C,02,S,08,F,,,Y,,A,N,N,D,2,0,0,2,22107.0,1,35.14861487,-120.57401261,3
2012,2012-09-20,1201,9,3,12,4,N,A,Y,A,H,-,A,01,N,03,C,,,,,C,Y,N,A,2,0,0,0,22350.0,2,35.31968712,-120.6972863,3
2012,2012-09-23,825,9,3,8,7,N,B,N,A,H,A,-,- ,S,00,F,,Y,,,A,N,N,D,1,0,1,0,,1,35.21801748,-120.69513202,4
2012,2012-08-23,1634,8,2,16,4,N,A,N,A,A,A,A,01,W,03,D,,,,,E,N,N,A,1,0,0,0,22350.0,2,35.12837046,-120.62381953,4
2012,2012-09-03,1140,9,3,11,1,N,A,N,A,H,A,D,22,N,03,C,,,,,C,N,N,A,1,0,0,0,22350.0,2,35.29105507,-120.66712561,4
2012,2012-08-26,2123,8,2,21,7,N,A,N,A,H,C,L,04,S,05,D,,Y,,,G,N,N,D,1,0,1,0,21650.0,2,35.47223595,-120.65358001,4
2012,2012-08-15,1615,8,2,16,3,N,A,N,A,H,A,D,22,N,06,G,,,,,B,N,N,D,1,0,0,0,21750.0,2,35.48435719,-120.66906384,3
2012,2012-09-13,1012,9,3,10,4,N,A,N,A,H,A,C,02,E,03,D,,,Y,,C,Y,N,A,1,0,0,1,22350.0,3,35.29095117,-120.66456146,3
2012,2012-09-05,830,9,3,8,3,N,A,Y,A,H,A,D,22,N,08,E,,,,,I,Y,N,D,1,0,0,0,22107.0,1,35.11124772,-120.56328905,4
2012,2012-09-16,2008,9,3,20,7,N,A,Y,A,H,D,D,22,N,03,C,,,,,C,N,M,D,1,0,0,0,22350.0,2,35.03994486,-120.48759259,4
2012,2012-10-04,1420,10,3,14,4,Y,A,N,A,H,A,D,22,,09,D,,,,,C,N,N,A,1,0,0,0,21802.0,2,35.52473497,-120.64205259,4
2012,2012-07-11,225,7,2,2,3,N,A,Y,A,H,C,-,- ,S,03,E,,,,,I,Y,N,D,1,0,0,0,22350.0,1,35.24158852,-120.68369015,3
2012,2012-07-28,1545,7,2,15,6,N,A,Y,A,H,A,C,02,S,03,C,,,Y,,C,Y,N,D,1,0,0,1,22350.0,2,35.53655657,-121.05284058,3
2012,2012-07-27,1935,7,2,19,5,Y,A,N,A,H,A,C,03,,12,D,,,Y,,C,Y,N,A,2,0,0,0,21453.0,2,35.13400492,-120.60543254,4
2012,2012-07-29,1516,7,2,15,7,N,A,N,A,H,A,A,01,,22,E,,,,,I,Y,N,A,1,0,0,0,,1,35.61640492,-120.6906126,4
2012,2012-07-05,1720,7,2,17,4,Y,A,Y,A,H,A,A,01,,03,A,,,,,C,Y,N,D,4,0,0,0,22350.0,2,,,4
2012,2012-07-21,1658,7,2,16,6,N,A,N,A,H,A,A,01,N,09,D,,,Y,,C,Y,N,D,1,0,0,1,21801.0,2,35.483761,-120.66158975,4
2012,2012-07-13,1438,7,2,14,5,Y,A,N,A,H,A,A,01,,12,D,,,,,C,Y,N,A,2,0,0,0,21453.0,2,35.47490491,-120.6547127,4
2012,2012-07-31,1315,7,2,13,2,N,A,N,A,H,A,A,01,S,09,D,,,,,C,N,N,D,1,0,0,0,21801.0,2,35.49937346,-120.66438854,4
2012,2012-07-25,1405,7,2,14,3,N,A,N,A,H,A,L,04,N,17,D,,Y,,,G,N,N,D,1,0,1,0,21208.0,2,35.4926452,-120.67616747,3
2012,2012-07-20,1445,7,2,14,5,Y,A,N,A,H,A,A,01,,03,C,,,,,C,N,N,A,1,0,0,0,22350.0,2,35.47915109,-120.65735042,4
2012,2012-07-18,915,7,2,9,3,N,A,Y,A,H,A,A,01,W,08,D,,,,,C,Y,N,D,1,0,0,0,22107.0,2,35.46673238,-120.67119171,3
2012,2012-09-21,1710,9,3,17,5,N,A,Y,A,H,A,A,01,S,03,C,,,,,C,Y,N,D,1,0,0,0,22350.0,4,35.24129976,-120.68371264,3
2012,2012-08-29,1320,8,2,13,3,Y,A,Y,A,H,A,A,07,,09,H,,,Y,,C,Y,N,A,1,0,0,1,21802.0,2,35.46610174,-120.67163213,3
2012,2012-10-08,2106,10,3,21,1,N,A,N,A,H,C,D,22,W,09,D,,Y,,,G,N,N,D,1,0,1,0,21804.0,2,35.2940699,-120.66841076,3
2012,2012-08-08,1540,8,2,15,3,N,A,Y,A,H,A,A,07,E,08,F,,,,,A,Y,N,D,1,0,0,0,22107.0,1,35.40508698,-120.26021749,3
2012,2012-08-04,1250,8,2,12,6,N,B,Y,A,H,A,L,04,N,03,F,,Y,,,A,N,N,D,1,0,1,0,22350.0,1,35.55482409,-121.08682013,3
2012,2012-08-05,1835,8,2,18,7,N,A,Y,A,H,A,A,01,E,03,C,,,,,C,N,N,D,1,0,0,0,22350.0,2,35.734246,-120.28571765,4
2012,2012-08-11,1205,8,2,12,6,N,A,Y,A,H,A,A,01,S,08,E,,,,,I,Y,N,D,1,0,0,0,22107.0,1,35.50773847,-120.69568751,3
2012,2012-08-08,1315,8,2,13,3,N,A,N,A,H,A,-,- ,S,18,F,,Y,,,A,N,N,D,1,0,1,0,,1,35.17930974,-120.70001006,4
2012,2012-08-10,1805,8,2,18,5,N,A,Y,A,H,A,A,07,S,03,C,,,,,C,Y,N,D,1,0,0,0,22350.0,3,35.1792561,-120.69914175,4
2012,2012-08-12,1830,8,2,18,7,N,A,Y,A,H,A,A,01,S,01,E,,,,,I,Y,N,D,1,0,0,0,23152.0,1,35.06989637,-120.51469386,4
2012,2012-08-10,625,8,2,6,5,N,A,Y,A,H,B,A,01,E,08,F,,,,,A,Y,N,D,1,0,0,0,22107.0,1,35.33242362,-119.84355628,4
2012,2012-08-07,1325,8,2,13,2,Y,A,N,A,H,A,A,01,,09,D,,,,,C,Y,N,D,1,0,0,0,21801.0,2,35.5745449,-120.69811261,4
2012,2012-08-13,1445,8,2,14,1,N,A,Y,A,H,A,A,07,N,08,E,,,,,I,Y,N,D,1,0,0,0,22107.0,1,35.3982569,-120.62267729,3
2012,2012-08-19,1205,8,2,12,7,N,A,Y,A,B,A,C,02,S,03,E,,,Y,,I,Y,N,D,1,0,0,1,22350.0,1,35.79482488,-121.34492279,3
2012,2012-08-11,2125,8,2,21,6,N,A,Y,A,H,D,A,01,N,01,F,,,,,A,Y,N,D,1,0,0,0,23152.0,1,35.58058942,-121.11648249,3
2012,2012-08-25,1357,8,2,13,6,N,A,N,A,H,A,A,01,N,09,D,,,,,C,N,N,D,1,0,0,0,21804.0,2,35.13617812,-120.62533585,4
2012,2012-08-12,2015,8,2,20,7,Y,A,Y,-,H,A,C,03,,01,D,,,Y,,C,Y,N,D,1,0,0,1,23153.0,2,35.14292915,-120.6434196,4
2012,2012-07-28,845,7,2,8,6,Y,A,N,A,H,A,D,22,,08,A,,,,,I,Y,F,D,1,0,0,0,22107.0,1,35.1301249,-120.61289264,3
2012,2012-08-31,1547,8,2,15,5,Y,A,N,A,H,A,L,04,,09,H,,Y,,,G,N,N,A,1,0,1,0,21804.0,2,35.27542588,-120.65563381,3
2012,2012-10-14,45,10,3,0,7,N,A,Y,A,H,C,D,22,N,01,C,,,Y,,C,Y,N,A,1,0,0,1,23152.0,2,35.4707849,-120.65527265,3
2012,2012-07-21,2130,7,2,21,6,N,B,N,A,H,D,A,01,W,01,E,,,,,I,Y,N,D,1,0,0,0,23152.0,1,35.31662641,-120.82364586,3
2012,2012-08-30,155,8,2,1,4,-,A,N,A,H,C,A,07,,01,E,,,,,I,Y,N,D,1,0,0,0,23152.0,1,35.27617397,-120.66856921,3
2012,2012-08-29,1605,8,2,16,3,N,A,N,A,H,A,A,01,W,21,C,,,,,C,N,N,D,2,0,0,0,22106.0,2,35.03561513,-120.48688462,4
2012,2012-08-29,300,8,2,3,3,N,A,Y,A,H,D,A,01,S,01,E,,,,,I,Y,N,D,1,0,0,0,23152.0,1,35.11082564,-120.56269876,3
2012,2012-08-28,1854,8,2,18,2,N,A,Y,A,H,A,A,01,N,03,C,,,,,C,Y,N,A,3,0,0,0,22350.0,2,35.32086806,-120.71620185,4
2012,2012-08-30,800,8,2,8,4,N,A,Y,A,H,A,A,01,W,08,E,,,,,I,N,N,A,1,0,0,0,22107.0,1,35.14239018,-120.64282604,4
2012,2012-08-28,1320,8,2,13,2,N,A,N,A,H,A,-,- ,N,18,E,,,,,I,Y,N,D,1,0,0,0,,1,35.0002282,-120.43718821,3
2012,2012-08-28,1725,8,2,17,2,N,A,N,A,H,A,A,01,E,03,C,,,,,C,Y,N,D,1,0,0,0,22350.0,2,35.31268524,-120.84837557,4
2012,2012-08-26,1444,8,2,14,7,N,A,N,A,H,A,A,01,W,08,F,,,,,A,Y,N,D,1,0,0,0,22107.0,1,35.01407309,-120.57928697,2
2012,2012-08-07,1430,8,2,14,2,N,A,N,A,H,A,L,04,W,05,D,,Y,,,G,N,N,A,1,0,1,0,21650.0,2,35.27217989,-120.66920641,4
2012,2012-08-05,2240,8,2,22,7,N,B,N,A,H,D,A,07,W,01,E,,,,,I,Y,N,D,1,0,0,0,23152.0,1,35.18101631,-120.72829417,2
2012,2012-08-12,1350,8,2,13,7,N,A,Y,A,H,A,A,07,S,03,C,,,,,C,Y,N,D,1,0,0,0,22350.0,3,35.13598003,-120.62114686,3
2012,2012-08-15,445,8,2,4,3,N,A,N,A,H,D,A,01,W,03,E,,,,,I,Y,N,D,3,0,0,0,22350.0,1,35.59293396,-120.58863116,3
2012,2012-08-29,1105,8,2,11,3,N,A,Y,A,D,A,A,01,W,03,C,,,,,C,Y,N,A,2,0,0,0,22350.0,2,35.65498389,-120.52330843,4
2012,2012-08-24,2117,8,2,21,5,N,A,N,A,H,D,A,01,E,08,F,,,,,A,Y,N,D,1,0,0,0,22107.0,1,35.64349604,-120.7030198,4
2012,2012-10-04,1105,10,3,11,4,Y,A,N,A,H,A,A,07,,12,D,,,,,C,Y,N,A,2,0,0,0,21453.0,2,35.26977492,-120.65659261,3
2012,2012-10-08,1157,10,3,11,1,N,A,N,A,H,A,L,04,S,08,B,,Y,,,G,N,N,A,1,0,1,0,22107.0,2,35.29488408,-120.66376047,3
2012,2012-09-21,1517,9,3,15,5,N,A,N,A,H,A,A,01,E,01,F,,,,,A,Y,N,D,1,0,0,0,23152.0,1,35.00349263,-120.45608299,4
2012,2012-09-26,745,9,3,7,3,N,B,Y,A,H,A,A,01,N,03,C,,,,,C,Y,N,D,1,0,0,0,22350.0,3,35.13919003,-120.63457947,4
2012,2012-09-21,800,9,3,8,5,N,A,Y,A,H,A,A,01,N,03,C,,,,,C,Y,N,D,2,0,0,0,22350.0,5,35.03887787,-120.48662085,3
2012,2012-09-09,2120,9,3,21,7,N,A,N,A,H,C,D,83,N,03,C,,,,,C,N,F,D,1,0,0,0,22350.0,2,35.46460483,-120.64746789,4
2012,2012-09-08,227,9,3,2,6,Y,A,N,A,H,D,A,01,,01,E,,,,,I,Y,N,D,1,0,0,0,23152.0,1,35.49224495,-120.68211267,3
2012,2012-09-16,1251,9,3,12,7,N,A,N,A,H,A,A,08,S,09,D,,,,,C,N,N,D,2,0,0,0,21804.0,3,35.25773266,-120.69182825,4
2012,2012-09-14,1600,9,3,16,5,N,A,Y,A,H,A,A,01,N,08,E,,,,,I,Y,N,D,2,0,0,0,22107.0,1,35.22667266,-120.69121399,2
2012,2012-09-13,205,9,3,2,4,N,B,Y,A,H,D,A,01,S,08,E,,,,,I,Y,N,D,1,0,0,0,22107.0,1,35.12883936,-120.60270159,3
2012,2012-09-16,100,9,3,1,7,N,A,Y,A,H,D,A,01,N,01,E,,,,,I,Y,N,D,1,0,0,0,23152.0,1,35.03084554,-120.47832908,3
2012,2012-09-06,1905,9,3,19,4,N,A,N,A,H,A,C,02,W,01,E,,,Y,,I,Y,N,D,1,0,0,1,23152.0,1,35.13460952,-120.50953388,2
2012,2012-09-04,1435,9,3,14,2,N,A,N,A,H,A,A,07,S,01,E,,,,,I,Y,N,D,1,0,0,0,23152.0,1,35.71895257,-120.84775902,2
2012,2012-09-16,2135,9,3,21,7,N,A,N,A,H,D,A,01,S,01,E,,,,,I,Y,N,D,1,0,0,0,23152.0,1,35.73663793,-120.8669588,2
2012,2012-09-12,1805,9,3,18,3,N,A,N,A,H,A,A,01,E,08,E,,,,,I,Y,N,D,1,0,0,0,22107.0,1,35.52976779,-120.51542406,3
2012,2012-08-26,1040,8,2,10,7,N,A,N,A,H,A,C,02,N,05,C,,,Y,,C,N,N,D,1,0,0,1,21460.0,2,35.52763747,-120.6802682,3
2012,2012-08-31,1620,8,2,16,5,N,A,Y,A,H,A,C,02,N,08,F,,,Y,,A,Y,N,D,1,0,0,1,22107.0,1,35.56938864,-121.1055515,3