ACCIDENT_YEAR,COLLISION_DATE,COLLISION_TIME,MONTH,SEASON,24HOURS,DAY_OF_WEEK,INTERSECTION,WEATHER_1,STATE_HWY_IND,ROAD_SURFACE,ROAD_COND_1,LIGHTING,STWD_VEHTYPE_AT_FAULT,CHP_VEHTYPE_AT_FAULT,DIRECTION,PCF_VIOL_CATEGORY,TYPE_OF_COLLISION,PEDESTRIAN_ACCIDENT,BICYCLE_ACCIDENT,MOTORCYCLE_ACCIDENT,TRUCK_ACCIDENT,MVIW,TOW_AWAY,HIT_AND_RUN,CONTROL_DEVICE,NUMBER_INJURED,COUNT_PED_INJURED,COUNT_BICYCLIST_INJURED,COUNT_MC_INJURED,PCF_VIOLATION,PARTY_COUNT,POINT_Y,POINT_X,COLLISION_SEVERITY
2013,2013-02-19,1350,2,4,13,2,N,B,Y,B,H,A,D,22,N,03,E,,,,,I,N,N,D,1,0,0,0,22350.0,1,35.3524518,-120.6345661,3
2013,2013-02-14,2024,2,4,20,4,N,A,Y,A,C,D,A,01,N,03,C,,,,,C,Y,N,A,1,0,0,0,22350.0,2,35.094673,-120.5444468,4
2013,2013-02-13,746,2,4,7,3,N,A,Y,A,H,A,D,22,N,03,C,,,,,C,Y,N,D,1,0,0,0,22350.0,4,35.1643791,-120.6873169,3
2013,2013-02-19,1110,2,4,11,2,N,B,Y,A,H,A,D,22,E,06,B,,,,Y,C,Y,N,D,1,0,0,0,21750.0,2,34.9963806,-120.4341165,4
2013,2013-02-13,1117,2,4,11,3,N,A,N,A,H,A,D,22,S,08,E,,,,,I,Y,N,D,1,0,0,0,22107.0,1,35.0159402,-120.4507333,3
2013,2013-02-25,745,2,4,7,1,N,A,Y,A,H,A,A,07,S,03,C,,,,,C,Y,N,D,1,0,0,0,22350.0,4,35.1507913,-120.6536738,4
2012,2012-11-27,810,11,3,8,2,N,B,N,A,H,A,A,01,E,03,C,,,,,C,N,N,A,1,0,0,0,22350.0,2,35.32997053,-120.82612345,4
2012,2012-11-27,1500,11,3,15,2,Y,B,Y,A,B,A,-,- ,,18,E,,,,,I,N,N,A,1,0,0,0,,1,35.37674487,-120.85431267,4
2012,2012-12-25,1849,12,4,18,2,N,C,Y,B,H,D,A,08,S,09,C,,,,,C,Y,N,D,1,0,0,0,21802.0,2,35.42164788,-120.87778965,4
2012,2012-12-25,1948,12,4,19,2,Y,C,N,B,H,D,A,01,,03,C,,,,,C,Y,N,D,1,0,0,0,22350.0,2,35.07295492,-120.5214225,4
2012,2012-12-24,2015,12,4,20,1,N,B,N,B,H,D,A,07,E,03,F,,,,,A,Y,N,D,1,0,0,0,22350.0,1,35.46937914,-120.86254567,3
2013,2013-03-06,730,3,1,7,3,N,C,N,B,H,A,A,01,E,03,C,,,,,C,N,N,D,1,0,0,0,22350.0,2,35.5433313,-120.73861599,3
2012,2012-11-17,1002,11,3,10,6,Y,B,Y,B,H,A,-,- ,,18,E,,,,,I,N,N,D,2,0,0,0,,1,35.4650349,-120.65014269,4
2012,2012-11-24,1645,11,3,16,6,Y,A,N,A,H,A,A,01,,05,E,,,,,I,N,N,D,1,0,0,0,21650.0,1,35.49541496,-120.67972259,3
2012,2012-11-16,1234,11,3,12,5,N,B,Y,B,H,A,A,01,N,09,D,,,,,C,N,N,D,1,0,0,0,21804.0,2,35.48284535,-120.66022058,4
2012,2012-12-22,630,12,4,6,6,N,B,N,B,H,D,A,01,E,01,F,,,,,A,Y,N,D,1,0,0,0,23152.0,1,35.09958547,-120.57017308,3
2012,2012-12-22,1628,12,4,16,6,N,B,Y,B,H,B,A,01,W,03,E,,,,,I,Y,N,D,1,0,0,0,22350.0,1,35.3884745,-120.84068833,3
2012,2012-12-17,1147,12,4,11,1,N,B,N,B,H,A,A,01,E,12,D,,,,,C,Y,N,A,1,0,0,0,22450.0,2,35.47630161,-120.65888921,4
2012,2012-12-26,1350,12,4,13,3,N,B,Y,B,H,A,A,01,N,03,B,,,,,C,Y,N,D,1,0,0,0,22350.0,3,35.35621135,-120.63665054,4
2012,2012-12-17,915,12,4,9,1,N,B,N,B,H,A,A,07,S,08,A,,,,,C,Y,N,D,2,0,0,0,22107.0,2,35.29646924,-120.80336899,3
2012,2012-11-27,1200,11,3,12,2,N,A,N,A,H,A,L,04,S,12,G,,Y,,,B,N,N,A,1,0,1,0,21453.0,2,35.49951607,-120.68332441,3
2012,2012-11-24,1335,11,3,13,6,N,A,Y,A,H,A,A,01,E,09,D,,Y,,,G,N,N,D,1,0,1,0,21801.0,2,35.5235749,-120.70434266,4
2012,2012-11-25,1415,11,3,14,7,N,A,N,A,H,A,A,01,N,01,A,,,,,C,N,N,D,1,0,0,0,23152.0,2,35.61911371,-120.67300842,4
2012,2012-11-23,1628,11,3,16,5,N,A,N,A,H,B,A,07,W,03,C,,,,,C,Y,N,D,2,0,0,0,22350.0,4,35.61504045,-120.68149378,3
2012,2012-11-28,652,11,3,6,3,Y,B,N,A,H,B,A,01,,09,D,,,,,C,N,N,A,1,0,0,0,21802.0,2,35.62149496,-120.69100271,4
2013,2013-03-13,1752,3,1,17,3,Y,F,Y,A,H,A,A,01,,12,D,,,,,C,Y,N,B,4,0,0,0,22450.0,2,35.4530201,-120.9079067,2
2013,2013-03-01,2015,3,1,20,5,N,A,Y,A,H,D,A,01,N,01,D,,,,,C,Y,M,D,1,0,0,0,23152.0,2,35.121282,-120.5836976,4
2013,2013-03-06,755,3,1,7,3,N,B,N,B,H,A,A,07,W,08,H,,,,,J,Y,N,D,1,0,0,0,22107.0,1,35.1671193,-120.62864,3
2013,2013-03-08,1330,3,1,13,5,Y,B,Y,B,H,A,A,01,,08,E,,,,,I,Y,N,D,1,0,0,0,22107.0,1,35.4291849,-120.7517427,4
2013,2013-03-01,1705,3,1,17,5,Y,A,N,A,H,A,C,02,,09,D,,,Y,,C,Y,N,A,3,0,0,1,21802.0,2,35.0468149,-120.5123526,4
2013,2013-03-13,1715,3,1,17,3,N,A,N,A,H,A,A,07,W,21,C,,,,,C,N,N,A,1,0,0,0,22106.0,2,35.05945191,-120.49411118,4
2012,2012-12-13,1553,12,4,15,4,Y,A,N,A,H,A,A,01,,09,D,,,,,C,N,N,A,1,0,0,0,21802.0,2,35.64217494,-120.68629261,3
2012,2012-12-31,214,12,4,2,1,N,E,Y,A,H,C,A,01,S,01,H,,,,,J,Y,N,D,1,0,0,0,23152.0,1,35.62149505,-120.68843217,3
2012,2012-12-31,1430,12,4,14,1,N,A,N,A,H,A,A,01,S,21,G,,Y,,,B,N,N,A,1,0,1,0,22106.0,2,35.62122087,-120.69097924,4
2012,2012-09-07,840,9,3,8,5,N,A,N,A,H,A,A,01,,08,A,,,,,G,N,N,A,1,0,0,0,22107.0,1,35.40459486,-120.86755266,3
2012,2012-07-08,1341,7,2,13,7,Y,A,N,A,H,A,A,01,,08,A,,,Y,,C,Y,N,D,2,0,0,2,22107.0,2,35.36879486,-120.85126269,2
2012,2012-07-12,1642,7,2,16,4,-,A,N,A,H,A,A,01,,09,D,,,,,C,N,N,D,2,0,0,0,21800.0,2,35.35937485,-120.83969271,4
2012,2012-10-21,1545,10,3,15,7,N,A,Y,A,H,A,A,01,N,03,B,,,,,C,Y,N,D,1,0,0,0,22350.0,3,35.44949899,-120.92191408,4
2012,2012-10-29,757,10,3,7,1,N,E,Y,A,H,A,A,01,S,03,C,,,,,C,Y,N,D,4,0,0,0,22350.0,3,35.32050916,-120.71524369,4
2012,2012-10-26,1425,10,3,14,5,N,A,N,A,H,A,A,01,W,08,F,,,,,A,Y,N,D,1,0,0,0,22107.0,1,35.0131244,-120.57595543,3
2012,2012-10-18,755,10,3,7,4,Y,A,Y,A,H,A,A,01,,09,D,,,,,C,Y,N,A,5,0,0,0,21802.0,2,35.53435491,-120.52380703,4
2012,2012-10-18,1425,10,3,14,4,N,A,Y,A,H,A,M,47,S,07,E,,,,,I,Y,F,D,1,0,0,0,21658.0,2,35.56274086,-120.70465444,4
2012,2012-12-06,1855,12,4,18,4,N,A,N,A,H,D,A,01,S,08,H,,Y,,,G,N,F,D,1,0,1,0,22107.0,2,35.1777108,-120.6986171,3
2012,2012-11-01,450,11,3,4,4,N,A,Y,A,H,D,A,01,N,08,E,,,,,I,Y,N,D,1,0,0,0,22107.0,1,35.16455675,-120.68755915,4
2013,2013-03-04,1738,3,1,17,1,Y,A,Y,A,H,C,D,22,,03,C,,,,,C,Y,N,A,1,0,0,0,22350.0,2,35.4042349,-120.8678727,4
2013,2013-02-25,1052,2,4,10,1,N,A,Y,A,H,A,A,01,N,09,A,,,,,C,Y,N,D,1,0,0,0,21802.0,2,35.0396876,-120.5675675,2
2013,2013-01-28,1613,1,4,16,1,N,A,N,A,H,A,C,02,S,08,F,,,Y,,A,N,N,D,1,0,0,1,22107.0,1,35.3298075,-120.8233727,3
2013,2013-03-17,1900,3,1,19,7,N,A,Y,A,H,A,D,22,N,01,E,,,,,I,Y,N,D,1,0,0,0,23152.0,1,35.2822049,-120.6683526,3
2013,2013-02-20,657,2,4,6,3,Y,A,N,A,H,B,A,01,,09,D,,,,,C,Y,N,A,3,0,0,0,21802.0,2,35.137971,-120.62718,3
2013,2013-02-11,1410,2,4,14,1,Y,A,N,A,D,A,A,01,,09,D,,,,,C,N,N,A,1,0,0,0,21802.0,2,35.3131149,-120.8281926,4
2013,2013-02-05,1349,2,4,13,2,Y,B,N,A,H,A,A,07,,09,D,,,,,C,Y,N,A,2,0,0,0,21802.0,2,35.1221149,-120.5820326,4
2013,2013-02-01,745,2,4,7,5,N,A,N,A,H,A,A,01,S,08,G,Y,,,,B,N,N,A,1,1,0,0,22107.0,2,35.3280944,-120.8310527,3
2013,2013-02-23,1908,2,4,19,6,N,A,N,A,H,C,A,01,S,01,D,,,,,C,Y,N,D,2,0,0,0,23152.0,2,35.4721813,-120.6535574,2
2012,2012-12-28,1955,12,4,19,5,N,B,Y,A,H,D,A,01,N,08,F,,,,,A,Y,N,D,1,0,0,0,22107.0,1,35.68429935,-120.69668644,3
2012,2012-12-07,520,12,4,5,5,N,E,N,A,H,D,A,07,N,03,E,,,,,I,N,N,D,3,0,0,0,22350.0,1,35.62004698,-120.78661485,4
2012,2012-12-17,1337,12,4,13,1,Y,B,N,B,G,A,A,01,,03,C,,,,,C,N,N,D,1,0,0,0,22350.0,3,35.36211488,-120.82434266,3
2013,2013-01-21,1850,1,4,18,1,N,A,Y,A,H,D,A,01,S,01,C,,,,,C,Y,N,D,1,0,0,0,23152.0,2,35.0545952,-120.5007858,3
2013,2013-01-02,655,1,4,6,3,Y,A,N,A,H,B,A,01,,09,A,,,,,C,Y,F,D,1,0,0,0,21801.0,3,35.0348448,-120.5009126,4
2012,2012-12-30,1305,12,4,13,7,Y,A,Y,A,H,A,A,01,,09,D,,,Y,,C,Y,N,D,1,0,0,1,21802.0,3,35.13858315,-120.63910073,3
2012,2012-12-22,1433,12,4,14,6,N,C,Y,B,H,A,A,01,N,05,A,,,,,C,Y,N,D,1,0,0,0,21460.0,2,35.12269449,-120.58781802,4
2012,2012-12-13,2346,12,4,23,4,N,A,N,A,H,C,A,07,,01,F,,,,,I,Y,N,D,1,0,0,0,23152.0,1,35.13781259,-120.63140899,2
2013,2013-02-17,1205,2,4,12,7,N,A,N,A,H,A,-,- ,S,10,G,Y,,,,B,N,F,A,1,1,0,0,21950.0,2,35.3668801,-120.8512125,3
2013,2013-01-24,2500,1,4,25,4,Y,B,N,B,H,C,-,- ,,18,E,,Y,,,I,N,N,D,1,0,1,0,,1,35.117901,-120.6069525,4
2013,2013-01-09,1633,1,4,16,3,Y,A,N,A,H,A,A,01,,04,C,,,,,C,N,N,D,1,0,0,0,21703.0,2,35.1187549,-120.5915725,4
2013,2013-01-04,1819,1,4,18,5,Y,B,N,A,H,C,A,01,,10,G,Y,,,,B,N,N,A,1,1,0,0,21950.0,2,35.1194249,-120.5761826,2
2013,2013-01-02,854,1,4,8,3,Y,A,N,A,H,A,A,07,,10,G,Y,,,,B,N,N,A,1,1,0,0,21950.0,2,35.1208948,-120.6066226,3
2013,2013-01-02,931,1,4,9,3,Y,A,N,A,B,A,A,01,,09,A,,,,,C,Y,N,A,1,0,0,0,21801.0,2,35.2546249,-120.6690727,3
2012,2012-12-20,1634,12,4,16,4,N,B,N,A,H,A,A,01,E,07,C,,,,,C,N,N,A,2,0,0,0,21658.0,2,35.46619067,-120.65082108,4
2012,2012-12-29,2320,12,4,23,6,N,A,Y,B,H,D,A,01,N,01,A,,,,,C,Y,N,D,2,0,0,0,23152.0,2,35.65132652,-120.69032057,3
2012,2012-12-19,1815,12,4,18,3,N,A,N,A,H,C,L,04,N,05,A,,Y,,,G,N,N,D,1,0,1,0,21650.0,2,35.45870395,-120.64243014,4
2012,2012-12-23,630,12,4,6,7,N,B,Y,B,H,A,A,01,S,08,E,,,,,I,Y,N,D,1,0,0,0,22107.0,1,35.45789079,-120.74992654,3
2012,2012-12-22,1830,12,4,18,6,N,B,Y,B,H,D,A,01,S,03,E,,,,,I,Y,N,D,3,0,0,0,22350.0,1,35.36746897,-120.6407038,4
2012,2012-12-23,2145,12,4,21,7,N,B,Y,B,H,D,A,01,S,03,E,,,,,I,Y,N,D,1,0,0,0,22350.0,1,35.3711189,-120.64082431,4
2012,2012-12-12,1130,12,4,11,3,N,B,Y,B,H,A,A,01,N,03,E,,,,,I,Y,N,D,1,0,0,0,22350.0,1,35.35898287,-120.63749038,4
2012,2012-12-02,1530,12,4,15,7,N,B,Y,B,H,A,A,01,N,03,F,,,,,A,Y,N,D,1,0,0,0,22350.0,1,35.38980153,-120.62591161,3
2012,2012-12-05,2227,12,4,22,3,N,A,N,A,H,C,A,01,S,04,C,,,,,C,Y,N,A,1,0,0,0,21703.0,3,35.28503822,-120.66215581,4
2012,2012-12-03,1612,12,4,16,1,N,A,N,A,H,A,N,60,E,11,G,Y,,,,B,N,N,A,1,1,0,0,21954.0,2,35.27702887,-120.66771451,3
2012,2012-10-31,625,10,3,6,3,N,A,N,A,H,C,A,01,W,09,D,,,,,C,Y,N,D,1,0,0,0,21801.0,2,35.54398108,-120.71094233,4
2012,2012-10-29,1845,10,3,18,1,N,A,Y,A,H,D,-,- ,N,18,E,,,,,H,Y,N,D,1,0,0,0,,1,35.44760849,-120.63906143,4
2012,2012-12-26,1520,12,4,15,3,N,A,Y,B,H,A,A,01,S,03,C,,,,,C,Y,N,A,1,0,0,0,22350.0,2,35.5862149,-120.69592267,4
2012,2012-09-22,1321,9,3,13,6,N,A,N,A,D,A,-,- ,N,18,G,Y,,,,B,N,N,A,1,1,0,0,,2,35.36999908,-120.84556402,2
2012,2012-08-28,1402,8,2,14,2,Y,A,N,A,H,A,A,07,,03,C,,,,,C,N,N,A,1,0,0,0,22350.0,2,35.39376494,-120.86011263,4
2012,2012-09-28,1520,9,3,15,5,N,A,N,A,H,A,A,01,,09,D,,,,,C,Y,N,A,1,0,0,0,21802.0,2,35.36499919,-120.84345102,4
2012,2012-12-13,607,12,4,6,4,N,A,Y,A,H,C,N,60,E,11,E,Y,,,,B,N,N,A,1,1,0,0,21950.0,2,,,4
2012,2012-12-20,1010,12,4,10,4,N,A,N,A,H,A,A,01,W,01,E,,,,,I,Y,N,A,1,0,0,0,23152.0,1,35.26684609,-120.63956665,4
2013,2013-03-17,1305,3,1,13,7,N,A,N,A,H,A,N,60,S,11,G,Y,,,,B,Y,N,D,1,1,0,0,21954.0,2,35.0277231,-120.4934854,3
2013,2013-03-06,1600,3,1,16,3,Y,B,N,A,H,A,A,01,,03,C,,,,,C,N,N,D,1,0,0,0,22350.0,2,35.1636149,-120.6877126,4
2013,2013-03-16,1630,3,1,16,6,N,A,N,A,H,A,A,01,,01,C,,,,,C,Y,N,A,1,0,0,0,23153.0,2,35.1463149,-120.6449325,4
2013,2013-03-18,1620,3,1,16,1,N,B,N,A,H,A,L,04,N,08,E,,Y,,,J,N,N,D,1,0,1,0,22107.0,1,35.1509618,-120.6559351,3
2013,2013-03-16,1600,3,1,16,6,N,A,N,A,H,A,A,01,E,03,C,,,,,C,Y,N,D,1,0,0,0,22350.0,2,35.3077577,-120.8187311,4
2013,2013-03-15,1601,3,1,16,5,Y,A,N,A,H,A,L,04,,12,H,,Y,,,G,N,N,A,1,0,1,0,22450.0,2,35.1001648,-120.6091026,2
2012,2012-11-02,1135,11,3,11,5,N,A,N,A,H,A,A,01,S,10,G,Y,,,,B,N,N,A,1,1,0,0,21950.0,2,35.31080668,-120.83014415,4
2012,2012-10-13,2034,10,3,20,6,Y,A,N,A,H,C,A,01,,- ,A,,,,,C,N,N,A,2,0,0,0,,2,35.14030487,-120.63848253,4
2012,2012-10-12,2300,10,3,23,5,Y,A,Y,A,H,C,A,01,,03,E,,,,,I,Y,N,A,1,0,0,0,22350.0,1,35.14473491,-120.64143255,4
2012,2012-10-18,753,10,3,7,4,N,A,N,A,H,A,L,04,N,08,G,,Y,,,J,N,N,D,1,0,1,0,22107.0,1,35.13621574,-120.62548268,4
2012,2012-10-24,745,10,3,7,3,N,A,Y,A,H,A,A,01,S,08,E,,,,,I,Y,N,D,1,0,0,0,22107.0,1,35.34196421,-120.76365125,3
2012,2012-12-31,1910,12,4,19,1,N,A,N,A,H,C,N,60,W,11,G,Y,,,,B,Y,N,A,1,1,0,0,21954.0,2,35.03749753,-120.48355413,2
2012,2012-09-21,1545,9,3,15,5,Y,A,Y,A,H,A,A,01,,09,D,,,,,C,Y,N,D,2,0,0,0,21802.0,2,35.13912262,-120.63969566,4
2012,2012-09-04,1828,9,3,18,2,N,A,Y,A,H,A,-,- ,S,08,G,Y,,,,B,N,F,A,1,1,0,0,22107.0,2,,,4
2013,2013-02-03,1735,2,4,17,7,N,A,Y,A,H,B,A,01,W,01,E,,,,,I,Y,N,D,1,0,0,0,23152.0,1,35.6594949,-120.5876111,4
2012,2012-10-24,1101,10,3,11,3,Y,A,N,A,H,A,A,01,,09,D,,,,,C,Y,N,A,1,0,0,0,21802.0,2,35.12336487,-120.60903257,4
2012,2012-11-02,430,11,3,4,5,N,A,Y,A,H,C,A,01,E,09,D,,,,,C,Y,F,D,1,0,0,0,21804.0,2,35.71428383,-120.3052072,2
2012,2012-11-03,1804,11,3,18,6,N,A,Y,A,H,B,C,02,S,03,C,,,Y,,C,Y,N,D,2,0,0,2,22350.0,2,35.584383,-121.12005175,3
2012,2012-11-28,750,11,3,7,3,N,A,N,A,H,A,N,60,E,11,H,Y,Y,,,J,N,N,D,2,1,1,0,21950.0,2,35.30209515,-120.65857172,4
2012,2012-11-01,903,11,3,9,4,N,A,N,A,H,A,-,- ,,04,C,,,,,C,N,N,D,1,0,0,0,21703.0,2,,,4
2012,2012-12-13,555,12,4,5,4,Y,E,Y,A,H,D,A,01,,12,D,,,,,C,Y,N,A,2,0,0,0,22450.0,2,35.53434491,-120.52619264,3
2012,2012-12-20,700,12,4,7,4,N,A,Y,A,H,B,A,01,S,08,E,,,,,I,Y,N,D,1,0,0,0,22107.0,1,35.47294429,-120.65646769,4
2012,2012-12-15,1710,12,4,17,6,N,B,N,B,H,D,A,07,S,03,E,,,,,I,Y,N,D,2,0,0,0,22350.0,1,35.5087786,-120.84290743,3
2012,2012-12-14,1920,12,4,19,5,N,A,N,A,H,D,A,01,W,08,E,,,,,I,Y,N,D,1,0,0,0,22107.0,1,35.58245836,-120.62270994,3
2012,2012-12-08,1630,12,4,16,6,N,A,N,A,H,A,C,02,S,08,E,,,Y,,J,N,N,D,1,0,0,1,22107.0,1,35.5171729,-120.65758271,2
2012,2012-12-18,1200,12,4,12,2,N,A,N,D,A,A,A,01,E,03,F,,,,,A,Y,N,D,2,0,0,0,22350.0,1,,,4
2012,2012-12-22,905,12,4,9,6,N,B,Y,B,H,A,A,01,N,03,E,,,,,I,Y,N,D,1,0,0,0,22350.0,1,35.39363603,-120.62362935,4
2012,2012-12-22,204,12,4,2,6,N,B,Y,B,H,D,A,01,N,08,F,,,,,A,Y,N,D,1,0,0,0,22107.0,1,35.41300332,-120.62673475,3
2012,2012-12-11,1745,12,4,17,2,Y,A,Y,A,H,C,A,07,,09,H,,Y,,,G,N,N,A,1,0,1,0,21802.0,2,35.39341932,-120.60482667,2
2012,2012-10-07,216,10,3,2,7,N,A,Y,A,H,C,A,07,S,01,E,,,,,I,Y,N,D,4,0,0,0,23152.0,2,35.46209087,-120.64848091,3
2012,2012-10-13,2055,10,3,20,6,N,A,Y,A,H,D,A,01,N,01,A,,,,,C,Y,N,D,2,0,0,0,23152.0,2,35.55797593,-121.09326267,2
2012,2012-10-20,725,10,3,7,6,N,B,Y,A,H,A,A,07,E,08,F,,,,,A,Y,N,D,1,0,0,0,22107.0,1,35.46411252,-120.36755366,4
2013,2013-01-14,1200,1,4,12,1,N,A,N,A,H,A,A,01,E,08,D,,,,,C,Y,N,D,1,0,0,0,22107.0,2,35.17666577,-120.52308351,3
2013,2013-01-07,827,1,4,8,1,N,A,Y,A,H,A,N,60,S,11,G,Y,,,,B,N,N,D,1,1,0,0,21954.0,2,35.319727,-120.7122423,3
2013,2013-02-14,1734,2,4,17,4,N,A,Y,A,H,B,A,01,W,12,D,,,,,C,Y,N,A,1,0,0,0,21453.0,2,35.6446649,-120.6723694,3
2013,2013-02-16,1345,2,4,13,6,N,A,N,A,A,A,C,02,N,03,H,,,Y,,A,Y,N,A,1,0,0,1,22350.0,1,35.6800254,-120.6408808,3
2013,2013-02-21,1552,2,4,15,4,N,A,N,A,H,A,A,01,S,09,D,,,,,C,Y,N,D,1,0,0,0,21801.0,2,35.6042361,-120.6826099,3
2013,2013-01-03,1330,1,4,13,4,N,B,Y,A,H,A,A,01,S,08,E,,,,,I,N,N,D,1,0,0,0,22107.0,1,35.4814251,-120.6607646,4
2013,2013-01-05,310,1,4,3,6,N,A,Y,A,H,D,A,01,E,08,E,,,,,I,Y,N,D,2,0,0,0,22107.0,1,35.4540135,-120.3213648,2
2013,2013-01-03,1331,1,4,13,4,N,A,Y,A,H,A,A,01,S,08,E,,,,,I,Y,N,D,1,0,0,0,22107.0,1,35.4814251,-120.6607646,3
2013,2013-01-24,1045,1,4,10,4,N,B,N,B,H,A,A,07,W,03,F,,,,,A,Y,N,D,1,0,0,0,22350.0,1,35.7061314,-120.8189338,4
2013,2013-01-31,755,1,4,7,4,N,A,N,A,H,A,A,01,E,03,C,,,,,C,N,N,D,1,0,0,0,22350.0,2,35.5433149,-120.7288192,4
2013,2013-01-07,1417,1,4,14,1,N,A,N,A,H,A,A,01,,13,G,Y,,,,B,Y,N,D,1,1,0,0,22515.0,2,35.3660049,-120.8434827,2
2013,2013-01-08,1604,1,4,16,2,N,A,N,A,H,A,A,01,,03,D,,,,,C,N,N,D,1,0,0,0,22350.0,2,35.3940449,-120.8620426,4
2013,2013-01-05,1030,1,4,10,6,N,A,Y,A,H,A,A,07,S,03,C,,,,,C,Y,N,D,1,0,0,0,22350.0,2,35.0531083,-120.4993943,2
2013,2013-01-04,1635,1,4,16,5,Y,A,N,A,H,A,C,02,,- ,E,,,Y,,I,N,N,A,1,0,0,1,,2,35.2695549,-120.6679627,3
2013,2013-01-16,2055,1,4,20,3,Y,A,N,A,H,C,-,- ,,01,D,,,,,C,Y,N,A,1,0,0,0,23153.0,2,35.2439848,-120.6753626,3
2013,2013-01-08,1906,1,4,19,2,Y,A,N,A,H,C,A,,,09,D,,Y,,,G,N,N,A,1,0,1,0,21802.0,2,35.2868649,-120.6536526,3
2013,2013-03-03,640,3,1,6,7,N,B,Y,A,H,A,A,01,S,08,E,,,,,I,Y,N,D,1,0,0,0,22107.0,1,35.1398018,-120.6363564,4
2013,2013-02-07,1855,2,4,18,4,Y,A,N,A,H,C,A,01,,09,H,,Y,,,G,N,F,D,1,0,1,0,21801.0,2,35.2931149,-120.6533326,4
2013,2013-02-05,1338,2,4,13,2,Y,A,Y,A,H,A,A,01,,10,G,Y,,,,B,N,F,A,1,1,0,0,21950.0,2,35.2940649,-120.6679126,3
2013,2013-02-06,1324,2,4,13,3,Y,A,N,A,H,A,A,01,,03,C,,,,,C,N,N,A,1,0,0,0,22350.0,2,35.2822449,-120.6650126,4
2013,2013-02-02,47,2,4,0,6,Y,A,N,A,H,C,-,- ,,09,D,,,,,C,Y,F,A,2,0,0,0,21802.0,2,35.2750749,-120.6610926,4
2013,2013-02-22,125,2,4,1,5,Y,A,N,A,H,C,A,01,,01,E,,,,,I,Y,N,A,1,0,0,0,23153.0,1,35.2614249,-120.6359126,3
2013,2013-02-26,1031,2,4,10,2,Y,A,N,A,H,A,A,01,,09,H,,Y,,,G,N,N,A,1,0,1,0,21801.0,2,35.2570749,-120.6687125,4
2013,2013-02-15,1038,2,4,10,5,N,A,N,A,H,A,-,- ,N,18,H,,Y,,,G,N,N,A,1,0,1,0,,1,35.2644903,-120.67058,3
2013,2013-02-21,1215,2,4,12,4,Y,A,Y,A,H,A,A,01,,08,H,,Y,,,G,N,N,A,1,0,1,0,22100.0,2,35.290654,-120.667012,3
2013,2013-01-27,1350,1,4,13,7,N,A,Y,A,H,A,A,07,S,08,D,,,,,C,Y,N,D,1,0,0,0,22107.0,2,35.4592564,-120.9620808,4
2013,2013-01-30,805,1,4,8,3,N,A,Y,A,H,A,A,01,S,08,B,,,,,C,Y,N,D,2,0,0,0,22107.0,2,35.1072392,-120.5546859,4
2013,2013-01-27,1655,1,4,16,7,Y,A,Y,A,H,A,A,01,,09,D,,,,,C,Y,N,D,2,0,0,0,21802.0,2,35.0107849,-120.5676126,4
2013,2013-02-02,1114,2,4,11,6,Y,A,N,A,H,A,A,01,,09,D,,,,,C,N,N,A,1,0,0,0,21802.0,2,35.1222849,-120.6152426,4
2013,2013-02-06,1342,2,4,13,3,-,A,N,A,H,A,A,01,,09,D,,,,,C,Y,N,A,2,0,0,0,21802.0,2,35.1251748,-120.6163026,3
2013,2013-03-04,751,3,1,7,1,N,A,N,A,D,A,A,01,E,03,C,,,,,D,Y,N,D,1,0,0,0,22350.0,2,35.3118234,-120.8362835,4
2013,2013-03-10,1305,3,1,13,7,N,A,Y,A,H,A,A,01,S,03,C,,,,,C,Y,N,A,3,0,0,0,22350.0,2,35.0679949,-120.5126526,4
2013,2013-03-05,130,3,1,1,2,N,B,N,A,H,D,C,02,E,08,F,,,Y,,A,Y,N,D,1,0,0,1,22107.0,1,35.5755014,-120.6165222,2
2013,2013-03-09,1455,3,1,14,6,N,A,N,A,B,A,C,02,W,08,E,,,Y,,I,Y,N,D,1,0,0,1,22107.0,1,35.5685017,-120.9376445,2
2013,2013-03-15,2119,3,1,21,5,Y,A,N,A,H,C,A,07,,01,C,,,,,C,Y,N,A,3,0,0,0,23152.0,3,35.3299449,-120.8233726,2
2013,2013-03-08,1320,3,1,13,5,N,B,Y,A,H,A,A,07,S,01,C,,,,,C,Y,N,A,2,0,0,0,23152.0,2,35.5654036,-120.7022084,4
2013,2013-01-17,743,1,4,7,4,Y,A,N,A,H,A,A,01,,09,D,,,,,C,Y,N,A,4,0,0,0,21802.0,2,35.0473149,-120.5681125,2
2013,2013-02-01,2013,2,4,20,5,N,A,Y,A,H,D,A,01,E,08,E,,,,,I,Y,N,D,2,0,0,0,22107.0,1,35.0103364,-120.3591069,3
2013,2013-01-31,1851,1,4,18,4,N,A,N,A,H,C,N,60,W,11,G,Y,,,,B,N,N,D,1,1,0,0,21955.0,2,35.4771684,-120.6569883,4
2013,2013-01-24,1759,1,4,17,4,Y,A,Y,A,H,C,A,01,,09,D,,Y,,,G,N,N,D,1,0,1,0,21801.0,2,35.2912349,-120.6574426,3
2013,2013-01-25,1029,1,4,10,5,N,A,N,A,H,A,A,07,E,07,B,,,,,C,Y,N,D,1,0,0,0,21658.0,2,35.2829986,-120.657611,4
2013,2013-01-10,1730,1,4,17,4,N,A,Y,A,H,B,A,01,S,03,C,,,,,C,N,N,A,1,0,0,0,22350.0,2,35.2443749,-120.6822726,4
2013,2013-01-19,1913,1,4,19,6,Y,A,N,A,H,C,-,- ,,00,G,Y,,,,B,N,N,-,1,1,0,0,,2,35.2884049,-120.6566925,3