ACCIDENT_YEAR,COLLISION_DATE,COLLISION_TIME,MONTH,SEASON,24HOURS,DAY_OF_WEEK,INTERSECTION,WEATHER_1,STATE_HWY_IND,ROAD_SURFACE,ROAD_COND_1,LIGHTING,STWD_VEHTYPE_AT_FAULT,CHP_VEHTYPE_AT_FAULT,DIRECTION,PCF_VIOL_CATEGORY,TYPE_OF_COLLISION,PEDESTRIAN_ACCIDENT,BICYCLE_ACCIDENT,MOTORCYCLE_ACCIDENT,TRUCK_ACCIDENT,MVIW,TOW_AWAY,HIT_AND_RUN,CONTROL_DEVICE,NUMBER_INJURED,COUNT_PED_INJURED,COUNT_BICYCLIST_INJURED,COUNT_MC_INJURED,PCF_VIOLATION,PARTY_COUNT,POINT_Y,POINT_X,COLLISION_SEVERITY
2013,2013-05-15,1804,5,1,18,3,N,B,N,A,H,A,L,04,N,06,B,,Y,,,G,N,N,D,1,0,1,0,21750.0,2,35.1603347,-120.6789624,3
2013,2013-06-11,1537,6,2,15,2,N,A,N,A,H,A,D,22,N,03,C,,,,,C,N,N,A,1,0,0,0,22350.0,2,35.2517989,-120.6707278,4
2013,2013-06-04,1041,6,2,10,2,Y,A,N,A,H,A,D,22,,06,B,,,,,C,Y,N,A,1,0,0,0,21755.0,2,35.2440049,-120.6721825,4
2013,2013-03-24,1006,3,1,10,7,Y,A,N,A,H,A,A,01,,09,D,,,,,C,N,N,A,1,0,0,0,21802.0,2,35.1419449,-120.6379926,4
2013,2013-06-12,1706,6,2,17,3,N,A,N,A,G,A,-,- ,W,18,E,,Y,,,I,N,N,D,1,0,1,0,,1,35.2675957,-120.6715746,3
2013,2013-06-12,841,6,2,8,3,N,A,Y,A,H,A,A,01,S,07,B,,,Y,,C,N,N,A,1,0,0,1,21658.0,2,35.2866967,-120.6636275,3
2013,2013-06-13,846,6,2,8,4,N,A,N,A,H,A,A,01,W,03,C,,,,,C,N,N,A,1,0,0,0,22350.0,2,35.2867644,-120.6537669,4
2013,2013-06-07,1336,6,2,13,5,N,A,N,A,H,A,A,01,N,03,C,,,,,C,N,N,A,1,0,0,0,22350.0,2,35.2486056,-120.6841445,4
2013,2013-06-10,1147,6,2,11,1,Y,A,N,A,H,A,N,60,,11,G,Y,,,,B,N,N,A,1,1,0,0,21456.0,2,35.272165,-120.6698727,3
2013,2013-06-19,1222,6,2,12,3,N,A,Y,A,B,A,-,- ,S,18,E,,Y,,,I,N,N,A,1,0,1,0,,1,35.2854697,-120.6637343,3
2013,2013-06-12,1155,6,2,11,3,Y,A,N,A,H,A,A,01,,10,G,Y,,,,B,N,F,A,1,1,0,0,21950.0,2,35.2818149,-120.6613627,3
2013,2013-06-12,1753,6,2,17,3,Y,A,N,A,H,A,A,01,,08,D,,,,,C,Y,N,A,1,0,0,0,22107.0,2,35.2695549,-120.6693527,4
2013,2013-04-11,1123,4,1,11,4,N,A,N,A,H,A,L,04,N,08,E,,Y,,,J,N,N,D,1,0,1,0,22107.0,1,35.1525359,-120.6599225,4
2013,2013-06-18,1312,6,2,13,2,Y,A,Y,A,H,A,A,01,,09,D,,,,,C,Y,N,D,2,0,0,0,21802.0,2,35.1482049,-120.6482325,3
2013,2013-06-15,1536,6,2,15,6,Y,A,N,A,H,A,A,01,,09,D,,Y,,,G,N,N,D,1,0,1,0,21802.0,2,35.1430949,-120.6436026,3
2013,2013-06-16,905,6,2,9,7,N,A,Y,A,H,A,A,01,S,08,B,,Y,,,C,N,N,D,1,0,1,0,21717.0,2,35.138041,-120.6385103,2
2013,2013-06-16,1100,6,2,11,7,N,A,Y,A,H,A,A,01,S,03,C,,,,,C,N,N,D,1,0,0,0,22350.0,2,35.1326125,-120.6341539,4
2013,2013-06-15,1749,6,2,17,6,N,A,N,A,B,A,C,02,E,03,E,,,Y,,I,N,N,D,1,0,0,1,22350.0,1,35.1406161,-120.6429086,3
2013,2013-06-19,842,6,2,8,3,N,A,N,A,H,A,D,22,S,08,E,,,,,I,N,N,D,1,0,0,0,22107.0,1,35.5999531,-120.6817709,3
2013,2013-06-29,1158,6,2,11,6,Y,A,Y,A,H,A,D,22,,12,D,,,,,C,Y,N,A,1,0,0,0,21453.0,2,35.3310755,-120.7353491,4
2013,2013-06-23,550,6,2,5,7,Y,B,Y,A,H,A,D,22,,12,D,,,,,C,N,N,A,1,0,0,0,21453.0,2,35.0346849,-120.4821526,4
2013,2013-06-21,1630,6,2,16,5,N,A,Y,A,H,A,G,25,S,09,E,,,,Y,I,N,N,D,1,0,0,0,21801.0,2,35.0012891,-120.5705328,4
2013,2013-06-18,1605,6,2,16,2,N,A,Y,A,H,A,A,01,W,05,A,,,,,C,Y,N,A,3,0,0,0,21460.0,2,35.5712613,-120.737302,2
2013,2013-06-13,1155,6,2,11,4,N,A,Y,A,H,A,C,02,N,08,F,,,Y,,A,N,N,D,2,0,0,2,22107.0,1,35.6113599,-121.1423603,3
2013,2013-06-24,1608,6,2,16,1,N,A,N,A,H,A,A,01,S,03,C,,,,,C,N,N,A,1,0,0,0,22350.0,2,35.2824174,-120.6553736,4
2013,2013-06-23,1330,6,2,13,7,N,A,N,A,H,A,L,04,S,05,D,,Y,,,G,N,N,D,1,0,1,0,21650.0,2,35.2653053,-120.6705568,4
2013,2013-06-14,1545,6,2,15,5,N,A,Y,A,H,A,C,02,N,08,E,,,Y,,I,Y,N,D,1,0,0,1,22107.0,1,35.7705649,-121.3238428,3
2013,2013-06-05,1735,6,2,17,3,N,A,Y,A,H,A,A,01,S,08,F,,,,,A,Y,N,D,1,0,0,0,22107.0,1,35.5190237,-120.7033119,4
2013,2013-06-29,1830,6,2,18,6,Y,A,N,A,H,A,A,01,,03,C,,,,,C,N,N,D,1,0,0,0,22350.0,2,35.3300049,-120.8376627,3
2013,2013-06-29,1709,6,2,17,6,N,A,Y,A,H,A,A,01,N,08,F,,,,,A,Y,N,D,2,0,0,0,22107.0,1,35.4292604,-120.7516904,2
2013,2013-07-03,1540,7,2,15,3,N,A,Y,A,H,A,A,01,S,03,C,,,,,C,Y,N,D,2,0,0,0,22350.0,3,35.0646476,-120.5965192,4
2013,2013-07-03,1410,7,2,14,3,N,A,N,A,H,A,N,60,E,11,G,Y,,,,B,N,N,D,1,1,0,0,21954.0,2,35.2738415,-120.7089771,3
2013,2013-07-03,1800,7,2,18,3,N,A,Y,A,H,A,D,22,N,03,C,,,,,C,Y,N,D,1,0,0,0,22350.0,5,35.2460316,-120.6815211,3
2013,2013-06-29,1140,6,2,11,6,N,A,Y,A,H,A,A,07,S,03,C,,,,,D,Y,N,D,1,0,0,0,22350.0,2,35.1392329,-120.6347473,4
2013,2013-07-04,1405,7,2,14,4,N,B,N,A,H,A,A,01,W,08,G,Y,,,,B,N,F,D,1,1,0,0,22107.0,2,35.1815677,-120.729819,4
2013,2013-06-30,1021,6,2,10,7,N,A,N,A,H,A,A,01,E,- ,E,,,,,I,Y,N,D,1,0,0,0,,1,35.2870463,-120.6986061,3
2013,2013-07-07,1353,7,2,13,7,N,A,Y,A,H,A,A,01,S,03,C,,,,,C,N,N,D,1,0,0,0,22350.0,2,35.1612505,-120.6802837,4
2013,2013-07-07,1440,7,2,14,7,N,A,Y,A,H,A,A,01,S,03,C,,,,,C,N,N,D,1,0,0,0,22350.0,2,35.1635154,-120.6858777,4
2013,2013-06-22,826,6,2,8,6,N,A,Y,A,H,A,A,01,N,03,C,,,,,C,N,N,A,2,0,0,0,22350.0,2,35.2908024,-120.667056,4
2013,2013-06-22,1756,6,2,17,6,Y,A,N,A,H,A,A,01,,09,D,,,,,D,Y,N,A,2,0,0,0,21802.0,2,35.2822449,-120.6650126,4
2013,2013-06-19,1453,6,2,14,3,N,A,N,A,H,A,A,07,W,01,F,,,,,A,Y,N,D,1,0,0,0,23152.0,1,35.0401666,-120.5253399,3
2013,2013-09-19,1420,9,3,14,4,N,A,Y,A,H,A,C,02,N,08,F,,,Y,,A,Y,N,D,1,0,0,1,22107.0,1,35.2073849,-120.6967326,2
2013,2013-07-03,625,7,2,6,3,N,A,N,A,H,A,D,22,S,01,E,,,,,I,Y,N,D,1,0,0,0,23152.0,1,35.50873,-120.8432,3
2013,2013-07-01,530,7,2,5,1,N,A,Y,A,H,B,D,22,N,08,F,,,,,A,Y,N,D,5,0,0,0,22107.0,1,35.5731434,-120.4729864,3
2013,2013-07-05,1250,7,2,12,5,Y,A,N,A,H,A,L,04,,09,H,,Y,,,G,N,N,D,1,0,1,0,21802.0,2,35.4289748,-120.8816127,4
2013,2013-07-04,1223,7,2,12,4,Y,A,N,A,H,A,A,01,,01,C,,,,,C,N,M,A,1,0,0,0,23152.0,2,35.1011949,-120.6005726,4
2013,2013-07-09,1730,7,2,17,2,N,A,Y,A,H,A,-,- ,N,18,F,,,,,A,Y,N,D,1,0,0,0,,1,35.5949902,-120.695528,4
2013,2013-06-30,1617,6,2,16,7,N,A,Y,-,H,A,A,01,S,01,E,,,,,I,Y,N,D,1,0,0,0,23152.0,1,35.6131283,-120.6898906,4
2013,2013-06-29,200,6,2,2,6,N,A,N,A,H,D,C,06,S,01,E,,,Y,,I,Y,N,D,1,0,0,1,23152.0,1,35.6964657,-120.7389469,2
2013,2013-06-27,155,6,2,1,4,N,A,Y,A,H,D,A,01,N,08,E,,,,,I,Y,N,D,1,0,0,0,22107.0,1,35.5791781,-120.6969178,4
2013,2013-07-05,1619,7,2,16,5,N,A,N,A,H,A,A,01,E,08,E,,,,,I,Y,N,D,1,0,0,0,22107.0,1,35.5440861,-120.7006407,4
2013,2013-06-21,955,6,2,9,5,N,A,N,A,H,A,G,25,E,03,F,,,,Y,A,Y,N,D,2,0,0,0,22350.0,1,35.0099511,-120.5017138,3
2013,2013-06-22,1522,6,2,15,6,Y,A,Y,A,H,A,A,01,,09,B,,,,,C,Y,N,D,1,0,0,0,21802.0,2,35.1833049,-120.7015426,4
2013,2013-06-20,1320,6,2,13,4,N,A,N,A,H,A,A,07,W,08,E,,,,,I,Y,N,D,1,0,0,0,22107.0,1,35.0963874,-120.4943083,4
2013,2013-07-03,947,7,2,9,3,N,A,N,A,H,A,C,02,N,08,C,,,Y,,C,N,N,D,2,0,0,1,22107.0,2,35.5753954,-120.6582587,4
2013,2013-05-31,1317,5,1,13,5,N,A,N,A,H,A,A,01,S,10,G,Y,,,,B,N,N,A,1,1,0,0,21950.0,2,35.6360239,-120.6921918,2
2013,2013-06-17,1140,6,2,11,1,N,A,Y,A,H,A,A,01,E,07,C,,,,,C,Y,N,D,1,0,0,0,21658.0,2,35.6553678,-120.5338257,4
2013,2013-06-23,2019,6,2,20,7,N,A,Y,A,H,B,A,01,W,01,D,,,,,C,Y,N,A,1,0,0,0,23152.0,2,35.6446649,-120.6582961,4
2013,2013-06-15,1908,6,2,19,6,Y,A,N,A,H,A,-,- ,,05,D,,,,,C,N,M,A,1,0,0,0,21650.0,2,35.601135,-120.6545227,4
2013,2013-06-25,1819,6,2,18,2,N,A,N,A,H,A,A,01,S,03,C,,,,,C,Y,N,D,1,0,0,0,22350.0,2,35.6210839,-120.6909675,4
2013,2013-07-12,1245,7,2,12,5,N,A,Y,A,H,A,D,22,W,09,D,,,,,C,Y,N,D,3,0,0,0,21801.0,2,35.7265773,-120.1940178,3
2013,2013-07-05,930,7,2,9,5,Y,A,N,A,H,A,A,01,,03,C,,,,,C,N,N,D,1,0,0,0,22350.0,2,35.5652249,-120.7012926,4
2013,2013-07-01,830,7,2,8,1,Y,B,N,A,H,A,L,04,,12,-,,Y,,,G,N,N,A,1,0,1,0,22450.0,2,35.5633449,-121.0915727,4
2013,2013-07-14,1010,7,2,10,7,N,A,N,A,H,A,-,- ,S,18,F,,,Y,,A,N,N,D,1,0,0,1,,1,35.722358,-120.8547228,4
2013,2013-07-06,1145,7,2,11,6,N,A,N,A,H,A,A,01,S,09,D,,,,,C,Y,N,D,1,0,0,0,21804.0,2,35.6481068,-120.7271559,4
2013,2013-07-07,1830,7,2,18,7,N,A,Y,A,H,A,A,07,E,03,C,,,,,C,Y,N,D,3,0,0,0,22350.0,3,35.6546849,-120.5305852,4
2013,2013-07-03,1453,7,2,14,3,Y,A,N,A,H,A,D,22,,03,C,,,,,C,Y,N,D,2,0,0,0,22350.0,2,35.1248748,-120.6089826,4
2013,2013-07-15,1012,7,2,10,1,N,A,N,A,H,A,E,22,S,03,C,,,,,C,N,N,D,1,0,0,0,22350.0,2,35.0148442,-120.4776891,4
2013,2013-06-25,1630,6,2,16,2,Y,A,N,A,H,A,N,60,,11,G,Y,,,,B,N,N,A,1,1,0,0,21954.0,2,35.2483449,-120.6430527,4
2013,2013-06-30,1309,6,2,13,7,N,A,N,A,H,A,A,01,W,07,C,,,,,C,N,N,D,2,0,0,0,21658.0,2,35.26447729,-120.67572266,4
2013,2013-06-25,1224,6,2,12,2,N,A,N,A,H,A,L,04,W,08,B,,Y,,,G,N,N,A,1,0,1,0,22107.0,3,35.2784178,-120.6633836,4
2013,2013-07-03,1243,7,2,12,3,N,A,N,A,H,A,N,60,W,11,G,Y,,,,B,N,N,D,1,1,0,0,21954.0,2,35.2779596,-120.6641228,3
2013,2013-07-05,1410,7,2,14,5,N,A,N,A,H,A,A,01,S,08,H,,Y,,,G,N,N,A,1,0,1,0,22107.0,2,35.287451,-120.6642885,4
2013,2013-07-12,1913,7,2,19,5,N,A,Y,A,H,A,A,07,N,08,E,,,,,I,Y,N,D,1,0,0,0,22107.0,1,35.5065862,-120.6257504,3
2013,2013-07-02,1511,7,2,15,2,Y,A,N,A,H,A,A,01,,09,A,,,,,C,Y,N,A,1,0,0,0,21801.0,2,35.2439848,-120.6753626,3
2013,2013-06-14,1920,6,2,19,5,Y,A,N,A,H,B,L,04,,02,B,,Y,,,C,N,N,D,1,0,1,0,21654.0,2,35.1213449,-120.5839326,4
2013,2013-06-09,615,6,2,6,7,N,E,N,B,H,A,I,11,E,08,D,,,,,C,Y,N,A,1,0,0,0,22107.0,2,35.12579097,-120.59536994,4
2013,2013-06-26,954,6,2,9,3,N,A,N,A,H,A,D,22,E,08,E,,,,,I,Y,N,D,2,0,0,0,22107.0,1,35.1155048,-120.5913219,4
2013,2013-06-18,1226,6,2,12,2,Y,A,N,A,H,A,A,01,,12,D,,,,,C,Y,N,A,2,0,0,0,22450.0,2,35.1342149,-120.5841027,3
2013,2013-06-22,1130,6,2,11,6,N,A,Y,A,H,A,A,01,W,03,C,,,,,C,Y,N,A,2,0,0,0,22350.0,3,35.1290265,-120.6015441,4
2013,2013-07-14,1350,7,2,13,7,Y,A,Y,A,H,A,D,22,,03,C,,,,,C,N,N,D,1,0,0,0,22350.0,2,35.1087738,-120.6240654,4
2013,2013-07-09,1609,7,2,16,2,N,A,Y,A,H,A,A,01,N,03,A,,,,Y,C,Y,N,D,1,0,0,0,22350.0,2,35.1710728,-120.6938919,4
2013,2013-07-08,1350,7,2,13,1,N,A,N,A,H,A,A,01,N,05,A,,,,,C,Y,N,D,3,0,0,0,21460.0,2,35.16530551,-120.63145459,4
2013,2013-07-09,1900,7,2,19,2,N,A,N,A,H,A,A,01,E,03,C,,,,,C,Y,N,D,2,0,0,0,22350.0,2,35.3075002,-120.8176568,3
2013,2013-07-12,758,7,2,7,5,N,A,Y,A,H,A,A,07,S,03,E,,,,,I,Y,N,D,1,0,0,0,22350.0,1,35.3006626,-120.6756995,4
2013,2013-07-16,1741,7,2,17,2,N,A,N,A,H,A,A,01,S,09,D,,,,,C,Y,N,D,2,0,0,0,21802.0,2,35.2931294,-120.6874617,4
2013,2013-07-24,1750,7,2,17,3,N,A,Y,A,H,A,A,01,N,03,C,,,,,C,Y,M,D,2,0,0,0,22350.0,3,35.5989129,-120.6938801,4
2013,2013-07-22,1152,7,2,11,1,N,A,N,A,H,A,D,22,N,03,C,,,,,C,Y,N,D,1,0,0,0,22350.0,2,35.3380427,-120.8233175,4
2013,2013-07-22,1140,7,2,11,1,N,B,Y,A,H,A,A,01,N,08,E,,,,,I,Y,N,D,1,0,0,0,22107.0,1,35.1669242,-120.6901467,3
2013,2013-07-21,207,7,2,2,7,N,-,Y,-,-,-,C,02,W,03,E,,,Y,,J,Y,N,D,1,0,0,1,22350.0,1,34.938113,-119.4876541,3
2013,2013-07-26,1654,7,2,16,5,N,A,N,A,H,A,L,04,N,08,D,,Y,,,G,Y,N,A,1,0,1,0,22107.0,2,35.2349833,-120.6822525,2
2013,2013-07-23,1920,7,2,19,2,N,A,Y,A,H,A,A,01,W,21,C,,,,,C,N,N,A,1,0,0,0,22106.0,2,35.0399449,-120.4875926,4
2013,2013-06-27,2304,6,2,23,4,Y,A,N,A,H,C,A,07,,03,C,,,,,C,Y,N,A,1,0,0,0,22350.0,2,35.10659628,-120.60565174,3
2013,2013-07-15,1650,7,2,16,1,N,A,N,A,H,A,A,01,S,08,E,,,,,I,Y,N,D,1,0,0,0,22107.0,1,35.0375536,-120.5024619,2
2013,2013-07-16,435,7,2,4,2,N,A,Y,A,H,D,A,07,N,08,E,,,,,I,Y,N,D,1,0,0,0,22107.0,1,35.3620149,-120.8082296,3
2013,2013-07-15,1717,7,2,17,1,N,A,Y,A,H,A,A,01,S,08,E,,,,,I,Y,N,D,1,0,0,0,22107.0,1,35.3030189,-120.6259824,3
2013,2013-06-28,933,6,2,9,5,Y,A,Y,A,H,A,A,01,,09,D,,,,Y,C,Y,N,A,1,0,0,0,21453.0,2,35.1219749,-120.6299026,3
2013,2013-07-19,1700,7,2,17,5,N,A,Y,A,H,A,A,01,S,03,C,,,,,C,Y,N,D,1,0,0,0,22350.0,2,35.2731032,-120.672007,4
2013,2013-07-21,1648,7,2,16,7,N,A,N,A,H,A,-,- ,W,18,E,,,,,I,Y,N,D,1,0,0,0,,1,35.2885443,-120.7438232,3
2013,2013-07-21,1142,7,2,11,7,N,A,Y,A,H,A,A,07,N,08,E,,,,,I,Y,N,D,1,0,0,0,22107.0,1,35.0773359,-120.5227873,4
2013,2013-07-20,530,7,2,5,6,N,B,Y,A,C,D,A,01,N,03,A,Y,,,,E,Y,N,D,2,1,0,0,22350.0,3,34.9922497,-120.5705778,3
2013,2013-07-13,2219,7,2,22,6,N,A,Y,A,H,C,A,01,N,01,G,Y,,,,B,Y,F,D,1,1,0,0,23152.0,2,35.5691185,-120.7001785,2
2013,2013-07-17,1525,7,2,15,3,N,A,N,A,H,A,A,01,N,08,E,,,,,I,Y,N,D,1,0,0,0,22107.0,1,35.7045552,-120.816011,3
2013,2013-06-30,1720,6,2,17,7,N,A,Y,A,H,A,D,22,N,03,-,,,,,C,N,N,D,1,0,0,0,22350.0,2,35.1342215,-120.635945,4
2013,2013-07-17,1400,7,2,14,3,N,A,N,A,H,A,D,22,S,17,H,,Y,,,G,N,N,D,1,0,1,0,22517.0,2,35.1437828,-120.6423829,3
2013,2013-07-14,1853,7,2,18,7,N,A,N,A,H,A,A,01,N,09,D,,,,,C,Y,N,D,1,0,0,0,21804.0,2,35.1361091,-120.6249797,4
2013,2013-08-13,1225,8,2,12,2,Y,A,N,A,H,A,A,01,,09,D,,,,,C,Y,N,D,2,0,0,0,21802.0,2,35.1023549,-120.6124726,4
2013,2013-08-09,1810,8,2,18,5,N,A,Y,A,H,A,A,07,S,03,C,,,,,C,N,N,D,1,0,0,0,22350.0,2,35.1085612,-120.5575403,4
2013,2013-08-09,1707,8,2,17,5,N,A,Y,A,H,A,A,01,S,03,C,,,,,C,N,N,D,1,0,0,0,22350.0,2,35.1239494,-120.5920323,4
2013,2013-07-09,1300,7,2,13,2,N,A,Y,A,H,A,D,22,N,03,C,,,,,C,N,N,A,1,0,0,0,22350.0,2,35.2909526,-120.6670952,4
2013,2013-07-27,1420,7,2,14,6,N,A,N,A,H,A,L,04,S,12,D,,Y,,,G,N,N,A,1,0,1,0,22450.0,2,35.4927469,-120.6705122,4
2013,2013-07-21,1043,7,2,10,7,Y,A,N,A,H,A,E,22,,12,D,,,,,C,Y,N,A,1,0,0,0,21453.0,2,35.5137149,-120.6978126,4
2013,2013-07-29,1800,7,2,18,1,N,A,N,A,H,A,D,22,N,01,C,,,,,C,Y,N,D,1,0,0,0,23152.0,2,35.0428217,-120.5769392,2
2013,2013-07-15,1925,7,2,19,1,N,A,N,A,-,A,A,01,E,08,F,,,,,A,Y,N,D,1,0,0,0,22107.0,1,35.5925489,-120.6483208,3
2013,2013-07-26,1243,7,2,12,5,Y,A,N,A,H,A,A,01,,12,D,,,,,C,Y,N,A,2,0,0,0,21453.0,2,35.2439848,-120.6753626,3
2013,2013-07-13,250,7,2,2,6,N,A,N,A,H,C,L,04,S,03,F,,Y,,,I,N,N,D,1,0,1,0,22350.0,1,35.2861629,-120.6699624,3
2013,2013-07-30,727,7,2,7,2,N,B,N,A,H,A,A,01,E,01,A,,,,,C,Y,N,A,3,0,0,0,23152.0,3,35.2992147,-120.7866041,2
2013,2013-08-03,1335,8,2,13,6,N,A,N,A,H,A,A,07,S,03,C,,,,,C,Y,N,A,2,0,0,0,22350.0,2,35.3261187,-120.8214623,4
2013,2013-08-02,1130,8,2,11,5,N,A,Y,A,H,A,A,01,S,08,E,,,,,I,Y,N,D,1,0,0,0,22107.0,1,35.2162018,-120.6961891,3
2013,2013-07-17,1335,7,2,13,3,N,A,Y,A,H,A,A,01,N,08,C,,,,Y,C,Y,N,D,1,0,0,0,22107.0,2,35.5976188,-120.6945288,4
2013,2013-07-29,1231,7,2,12,1,N,A,N,A,B,A,A,01,N,09,C,,,,,C,Y,N,D,1,0,0,0,21804.0,2,35.4826503,-120.6599794,4
2013,2013-07-06,1512,7,2,15,6,Y,A,Y,A,H,A,A,01,,09,A,,,,,C,Y,F,A,6,0,0,0,21801.0,2,35.4639049,-120.6499126,3
2013,2013-07-18,730,7,2,7,4,N,B,N,A,H,A,A,01,N,21,H,Y,,,,C,N,N,D,1,1,0,0,22106.0,3,35.19439291,-120.46019733,4
2013,2013-07-09,1618,7,2,16,2,N,A,N,A,H,A,L,04,E,06,B,,Y,,,G,N,N,A,1,0,1,0,21755.0,2,35.261282,-120.6500184,3
2013,2013-07-06,1224,7,2,12,6,N,A,N,A,H,A,D,22,S,22,E,,,,,I,Y,N,D,1,0,0,0,,1,35.6164982,-120.6681107,3
2013,2013-07-20,1438,7,2,14,6,N,A,Y,A,H,A,A,01,E,03,C,,,,,C,Y,N,A,2,0,0,0,22350.0,3,35.6446377,-120.6563294,4
2013,2013-07-17,1930,7,2,19,3,Y,A,N,A,H,A,L,04,,05,H,,Y,,,G,N,N,A,1,0,1,0,21650.0,2,35.6246149,-120.6912327,3
2013,2013-07-27,113,7,2,1,6,N,A,N,A,H,C,A,01,,01,E,,,,,I,N,N,D,1,0,0,0,23152.0,1,35.6460649,-120.6942826,3
2013,2013-06-23,2128,6,2,21,7,N,A,Y,A,H,C,-,- ,E,03,E,,,,,I,N,N,A,1,0,0,0,22350.0,1,35.4853475,-120.6651262,4
2013,2013-06-11,139,6,2,1,2,Y,A,N,A,H,C,A,01,,05,A,,,,,I,Y,N,A,2,0,0,0,21650.0,1,35.4987449,-120.6723427,3
2013,2013-06-30,1500,6,2,15,7,N,A,N,A,H,A,L,04,N,05,D,,Y,,,G,N,N,D,1,0,1,0,21650.0,2,35.4744389,-120.6545066,3
2013,2013-08-11,1400,8,2,14,7,Y,A,Y,A,H,A,E,22,,12,D,,,,,C,Y,N,A,1,0,0,0,22450.0,2,34.9963625,-120.4342368,4
2013,2013-08-01,750,8,2,7,4,N,B,N,A,H,A,A,01,E,06,B,,,,,C,Y,N,D,2,0,0,0,21750.0,2,35.15479893,-120.58681011,3
2013,2013-08-01,1300,8,2,13,4,N,A,N,A,H,A,A,01,E,01,F,,,,,I,Y,N,D,1,0,0,0,23152.0,1,35.1798645,-120.7252509,3
2013,2013-08-02,830,8,2,8,5,N,A,N,A,H,A,A,07,S,21,C,,,,,C,N,N,A,1,0,0,0,22106.0,2,35.03634059,-120.48552811,4
2013,2013-07-26,605,7,2,6,5,N,A,N,A,H,A,D,22,W,08,A,,,,,C,Y,N,D,3,0,0,0,22107.0,2,35.7235006,-120.8635913,3
2013,2013-07-29,1515,7,2,15,1,N,A,N,A,H,A,D,22,S,01,A,,,Y,,C,Y,N,D,1,0,0,1,23152.0,2,35.49197056,-120.64375341,3
2013,2013-08-02,1300,8,2,13,5,Y,A,N,A,H,A,A,01,,08,B,,,,,C,Y,N,D,1,0,0,0,22100.0,2,35.0400948,-120.4729525,3
2013,2013-08-04,30,8,2,0,7,N,A,Y,A,H,A,A,07,S,08,F,,,,,I,N,N,D,1,0,0,0,22107.0,1,35.6787626,-120.6862263,4
2013,2013-07-26,1155,7,2,11,5,N,A,N,A,H,A,A,01,E,08,E,,,,,I,Y,N,D,1,0,0,0,22107.0,1,35.68733648,-120.76206207,4
2013,2013-08-12,810,8,2,8,1,N,A,Y,A,H,A,D,22,S,08,E,,,,,I,Y,N,D,1,0,0,0,22107.0,1,35.7821292,-120.724349,4
2013,2013-08-07,1545,8,2,15,3,N,A,N,A,H,A,D,22,S,09,D,,,Y,,C,Y,N,D,1,0,0,0,21804.0,2,35.5877155,-120.6952862,3
2013,2013-08-11,1610,8,2,16,7,N,A,Y,A,H,A,A,07,E,03,C,,,,,C,N,N,D,1,0,0,0,22350.0,2,35.7115858,-120.3093269,4
2013,2013-07-27,603,7,2,6,6,N,A,N,A,H,A,A,01,N,03,A,,,,,C,Y,N,D,1,0,0,0,22350.0,2,35.75081806,-120.61077297,4
2013,2013-07-24,1230,7,2,12,3,N,A,N,A,H,A,A,07,W,08,F,,,,,A,Y,N,D,2,0,0,0,22107.0,1,35.6800727,-120.8096182,3
2013,2013-07-05,1744,7,2,17,5,Y,A,Y,A,H,A,C,02,,12,D,,,Y,,C,Y,N,A,1,0,0,1,21453.0,2,35.1295448,-120.6070125,4
2013,2013-08-10,1524,8,2,15,6,N,A,N,A,H,A,A,07,E,01,B,,,,,C,Y,N,D,1,0,0,0,23152.0,2,35.1446236,-120.5959514,3
2013,2013-08-03,1625,8,2,16,6,Y,A,N,A,H,A,A,01,,01,D,,,,,D,Y,N,A,1,0,0,0,23153.0,2,35.2826149,-120.6600326,3
2013,2013-08-08,640,8,2,6,4,N,B,Y,A,H,A,A,01,N,08,E,,,,,I,Y,N,D,1,0,0,0,22107.0,1,35.5065862,-120.6257504,4
2013,2013-07-31,1710,7,2,17,3,N,A,Y,A,H,A,A,01,N,08,F,,,,,J,Y,N,D,3,0,0,0,22107.0,1,,,3
2013,2013-08-02,2325,8,2,23,5,N,A,N,A,H,D,D,22,W,08,E,,,,,I,Y,N,D,1,0,0,0,22107.0,1,35.1365586,-120.4396884,4
2013,2013-08-09,1810,8,2,18,5,N,A,N,A,H,A,C,02,E,03,F,,,Y,,A,N,N,D,1,0,0,0,22350.0,2,35.3243833,-120.8286651,4
2013,2013-08-14,1835,8,2,18,3,Y,A,N,A,H,A,A,01,,09,A,,,,,C,Y,N,A,2,0,0,0,21801.0,2,35.1797749,-120.6996026,4
2013,2013-08-16,1755,8,2,17,5,N,A,Y,A,H,A,A,01,S,03,C,,,,,C,Y,N,D,1,0,0,0,22350.0,3,35.1800599,-120.6998632,4
2013,2013-08-02,1500,8,2,15,5,N,A,N,A,H,A,A,01,E,06,B,,Y,,,G,N,F,D,1,0,1,0,21750.0,2,35.17797973,-120.74922413,3
2013,2013-07-27,1019,7,2,10,6,N,A,N,A,H,A,A,01,E,10,G,Y,,,,B,N,N,A,1,1,0,0,21950.0,2,35.2483517,-120.6430344,4
2013,2013-07-31,1534,7,2,15,3,Y,A,N,A,H,A,A,01,,08,D,,Y,,,G,N,N,D,1,0,1,0,21717.0,2,35.2867749,-120.6552626,3
2013,2013-07-22,1648,7,2,16,1,N,A,N,A,H,A,A,01,E,03,C,,,,,C,N,N,A,1,0,0,0,22350.0,2,35.2721659,-120.6695277,4
2013,2013-07-24,2314,7,2,23,3,N,A,N,A,H,C,-,,W,01,F,,,,,I,Y,N,D,1,0,0,0,23152.0,1,35.2468159,-120.6487825,3
2013,2013-08-12,845,8,2,8,1,N,A,Y,A,H,A,A,01,N,08,E,,,,,I,Y,N,D,1,0,0,0,22107.0,1,35.5335527,-120.7105726,4
2013,2013-08-03,2230,8,2,22,6,N,A,N,A,H,D,A,01,E,08,E,,,,,I,Y,N,D,3,0,0,0,22107.0,1,35.6696201,-120.9316616,3