ACCIDENT_YEAR,COLLISION_DATE,COLLISION_TIME,MONTH,SEASON,24HOURS,DAY_OF_WEEK,INTERSECTION,WEATHER_1,STATE_HWY_IND,ROAD_SURFACE,ROAD_COND_1,LIGHTING,STWD_VEHTYPE_AT_FAULT,CHP_VEHTYPE_AT_FAULT,DIRECTION,PCF_VIOL_CATEGORY,TYPE_OF_COLLISION,PEDESTRIAN_ACCIDENT,BICYCLE_ACCIDENT,MOTORCYCLE_ACCIDENT,TRUCK_ACCIDENT,MVIW,TOW_AWAY,HIT_AND_RUN,CONTROL_DEVICE,NUMBER_INJURED,COUNT_PED_INJURED,COUNT_BICYCLIST_INJURED,COUNT_MC_INJURED,PCF_VIOLATION,PARTY_COUNT,POINT_Y,POINT_X,COLLISION_SEVERITY
2013,2013-08-19,756,8,2,7,1,N,A,Y,A,H,A,D,22,S,08,E,,,,,I,Y,N,D,1,0,0,0,22107.0,1,35.5652766,-120.7022869,4
2013,2013-08-01,1919,8,2,19,4,N,A,Y,A,H,A,B,07,N,03,E,,,,,I,Y,N,D,1,0,0,0,22350.0,1,35.3236182,-120.6211516,3
2013,2013-07-11,1800,7,2,18,4,N,A,N,A,H,A,L,04,E,08,F,,Y,,,A,N,N,D,1,0,1,0,22107.0,1,35.1780874,-120.7486358,4
2013,2013-08-29,657,8,2,6,4,Y,A,N,A,H,A,A,01,,09,D,,,,,C,Y,N,A,2,0,0,0,21802.0,3,35.2721749,-120.6659227,3
2012,2012-02-19,119,2,4,1,7,N,A,N,C,A,A,L,04,E,05,D,,Y,,,A,N,N,A,1,0,1,0,21650.0,2,35.29131484,-120.67740258,3
2013,2013-08-01,1639,8,2,16,4,N,A,Y,A,H,A,D,22,N,03,C,,,,,A,N,N,C,2,0,0,0,22350.0,3,35.2924387,-120.6675406,4
2013,2013-08-14,1750,8,2,17,3,Y,A,N,A,H,A,-,- ,,10,G,Y,,,,B,N,N,A,1,1,0,0,21950.0,2,35.2789149,-120.6645426,3
2013,2013-08-24,949,8,2,9,6,N,B,Y,A,H,A,D,22,S,08,F,,Y,,,A,N,N,D,1,0,1,0,22107.0,2,35.1073222,-120.6233626,3
2013,2013-07-18,1702,7,2,17,4,N,A,Y,A,H,A,D,23,N,08,H,,Y,,,G,N,N,A,1,0,1,0,22100.0,2,35.1268449,-120.5984226,2
2013,2013-07-24,1223,7,2,12,3,Y,A,Y,A,H,A,A,07,,03,C,,,,,C,Y,N,A,1,0,0,0,22350.0,2,35.1213449,-120.5839326,4
2013,2013-08-24,1415,8,2,14,6,N,A,N,A,H,A,A,01,S,21,G,Y,,,,B,N,N,D,2,2,0,0,22106.0,3,35.10569663,-120.62773168,3
2013,2013-07-04,1235,7,2,12,4,N,A,N,A,H,A,A,07,S,01,B,,,,,E,Y,M,D,1,0,0,0,23152.0,2,35.1127438,-120.6005531,4
2013,2013-07-17,1618,7,2,16,3,Y,A,Y,A,H,A,A,07,,10,G,Y,,,,B,N,N,A,1,1,0,0,21950.0,2,35.1244148,-120.5766626,3
2013,2013-09-02,2228,9,3,22,1,N,A,N,A,H,C,A,01,E,01,D,,,,,D,Y,N,D,1,0,0,0,23152.0,2,35.2738415,-120.7089771,3
2013,2013-08-28,822,8,2,8,3,N,A,Y,A,H,A,A,01,S,08,C,,,,,C,Y,N,D,2,0,0,0,22107.0,2,35.2344252,-120.6319654,3
2013,2013-08-08,2038,8,2,20,4,N,A,N,A,H,C,A,01,N,03,C,,,,,C,Y,N,A,1,0,0,0,22350.0,2,35.489504,-120.6706782,4
2013,2013-08-14,1851,8,2,18,3,Y,A,Y,A,H,A,D,22,,09,A,,,,,C,N,F,A,1,0,0,0,21801.0,2,35.4691019,-120.6698759,4
2013,2013-08-12,1907,8,2,19,1,Y,A,Y,A,H,A,A,08,,03,C,,,,,C,N,N,A,1,0,0,0,22350.0,2,35.4470549,-120.6389726,4
2013,2013-08-16,1549,8,2,15,5,N,A,Y,A,H,A,A,01,W,03,C,,,,,C,Y,N,D,3,0,0,0,22350.0,2,35.4804014,-120.6665623,2
2013,2013-08-08,1049,8,2,10,4,Y,A,N,A,H,A,A,01,,09,D,,,,,C,N,N,A,1,0,0,0,21802.0,2,35.6278349,-120.6889726,4
2013,2013-09-03,1140,9,3,11,2,N,A,N,A,H,A,D,22,S,03,E,,,,,I,Y,N,D,1,0,0,0,22350.0,1,35.50878587,-120.84269106,4
2013,2013-08-27,1953,8,2,19,2,N,A,Y,A,H,D,C,02,N,01,F,,,Y,,I,Y,N,D,1,0,0,1,23152.0,1,35.5464249,-120.7154927,2
2013,2013-08-21,2210,8,2,22,3,N,A,N,A,H,C,A,01,N,08,G,Y,,,,B,N,N,D,1,1,0,0,22107.0,2,35.7493271,-120.6994501,4
2013,2013-08-22,625,8,2,6,4,N,A,N,A,H,B,A,01,N,08,F,,,,,A,Y,N,D,1,0,0,0,22107.0,1,35.512843,-120.3310556,3
2013,2013-08-17,330,8,2,3,6,N,A,N,A,H,D,A,01,N,08,F,,,,,A,Y,N,D,2,0,0,0,22107.0,1,35.23996,-120.77352,4
2013,2013-08-23,1140,8,2,11,5,N,A,N,A,H,A,A,07,E,08,F,,,,,I,Y,N,D,1,0,0,0,22107.0,1,35.0084158,-120.5592827,3
2013,2013-08-12,1955,8,2,19,1,Y,A,N,A,H,B,A,01,,09,D,,,,,C,Y,N,D,1,0,0,0,21802.0,2,35.0821849,-120.5516726,4
2013,2013-08-13,434,8,2,4,2,N,A,Y,A,H,C,A,01,S,08,E,,,,,I,Y,N,D,1,0,0,0,22107.0,1,35.3740835,-120.6384237,3
2013,2013-08-19,820,8,2,8,1,N,A,Y,A,H,A,A,07,W,08,F,,,,,A,Y,N,D,1,0,0,0,22107.0,1,35.428396,-120.7599107,4
2013,2013-08-24,1700,8,2,17,6,N,A,Y,A,H,A,A,01,E,03,C,,,,,C,Y,N,D,2,0,0,0,22350.0,2,35.5477333,-120.7920146,3
2013,2013-08-15,1756,8,2,17,4,Y,A,N,A,H,A,A,08,,03,C,,,,,E,Y,N,D,1,0,0,0,22350.0,3,35.1133048,-120.6158925,3
2013,2013-08-31,740,8,2,7,6,N,B,N,A,D,A,A,01,W,08,E,,,,,I,Y,N,A,1,0,0,0,22107.0,1,35.3299848,-120.8333768,4
2013,2013-08-08,1426,8,2,14,4,N,A,N,A,H,A,A,01,E,03,C,,,,,C,N,N,D,1,0,0,0,22350.0,2,35.284689,-120.6685661,4
2013,2013-08-09,1333,8,2,13,5,N,A,N,A,H,A,A,07,N,03,C,,,,,C,Y,N,A,1,0,0,0,22350.0,3,35.2507802,-120.685952,4
2013,2013-08-14,2217,8,2,22,3,N,A,N,A,H,C,A,01,W,01,E,,,,,I,N,N,A,1,0,0,0,23152.0,1,35.4803561,-120.6893376,3
2013,2013-08-14,828,8,2,8,3,Y,A,Y,A,H,A,A,07,,09,A,,,,,C,Y,N,D,2,0,0,0,21801.0,2,35.4668578,-120.6711024,3
2013,2013-08-02,1742,8,2,17,5,N,A,N,A,H,A,A,01,S,02,C,,,,,C,Y,N,D,1,0,0,0,22400.0,2,35.4595885,-120.6433554,4
2013,2013-08-29,1100,8,2,11,4,N,A,Y,A,D,A,D,22,N,03,C,,,,Y,C,N,N,A,1,0,0,0,22350.0,2,35.4856394,-120.6658523,4
2013,2013-07-30,1431,7,2,14,2,N,A,N,A,H,A,A,07,W,03,C,,,,,C,N,N,A,1,0,0,0,22350.0,2,35.1351077,-120.6224056,4
2013,2013-07-05,1443,7,2,14,5,Y,A,Y,A,H,A,A,01,,17,A,,,,,C,Y,N,A,1,0,0,0,21451.0,2,35.1308749,-120.6096826,4
2013,2013-07-12,1700,7,2,17,5,Y,A,Y,A,H,A,A,01,,10,G,Y,,,,B,N,N,A,2,2,0,0,21950.0,3,35.1391226,-120.6396957,4
2013,2013-07-31,1633,7,2,16,3,N,A,Y,A,H,A,A,08,W,03,C,,,,,C,N,N,D,1,0,0,0,22350.0,2,35.6440243,-120.6812449,4
2013,2013-09-04,2315,9,3,23,3,N,A,Y,A,H,C,A,01,W,01,E,,,,,I,Y,N,D,1,0,0,0,23152.0,1,35.6446549,-120.6433117,4
2013,2013-07-03,637,7,2,6,3,N,A,Y,A,H,A,L,04,W,05,D,,Y,,,G,Y,N,D,1,0,1,0,21202.0,2,35.6538324,-120.6179029,2
2013,2013-09-08,1541,9,3,15,7,N,A,N,A,H,A,A,01,N,09,A,,,,,C,Y,N,A,2,0,0,0,21801.0,2,35.5800742,-120.6972446,4
2013,2013-07-28,10,7,2,0,7,N,A,N,A,A,D,C,02,N,03,H,,,Y,,A,N,N,D,1,0,0,1,22350.0,1,35.6785753,-120.6408609,3
2013,2013-08-12,1819,8,2,18,1,N,A,N,A,H,B,N,60,E,11,G,Y,,,,B,N,N,A,1,1,0,0,21954.0,2,35.6245641,-120.6921603,2
2013,2013-08-15,1155,8,2,11,4,Y,A,N,A,H,A,A,07,,09,D,,,,,C,Y,N,A,2,0,0,0,21801.0,2,35.6222449,-120.6597327,3
2013,2013-08-20,1438,8,2,14,2,Y,A,N,A,H,A,A,01,,09,D,,,,,C,N,N,A,1,0,0,0,21802.0,2,35.6244749,-120.6938126,4
2013,2013-09-07,2020,9,3,20,6,N,A,Y,A,H,D,A,01,S,03,D,,,,,E,Y,N,D,1,0,0,0,22350.0,2,35.4113458,-120.6264256,4
2013,2013-08-13,1332,8,2,13,2,Y,A,N,A,H,A,A,07,,09,D,,,,,C,Y,N,A,1,0,0,0,21802.0,3,35.2800549,-120.6548926,3
2013,2013-09-06,930,9,3,9,5,Y,A,Y,A,H,A,M,44,,09,C,,,,,C,Y,N,A,2,0,0,0,21802.0,2,34.9833077,-120.5706026,3
2013,2013-09-11,1500,9,3,15,3,N,A,Y,A,H,A,D,22,N,03,C,,,,,C,N,N,A,1,0,0,0,22350.0,2,34.9963625,-120.4342368,4
2013,2013-09-08,1050,9,3,10,7,Y,A,Y,A,H,A,A,01,,09,D,,,,,C,Y,N,D,3,0,0,0,21802.0,2,35.6554249,-120.5339926,4
2013,2013-09-05,1736,9,3,17,4,N,A,N,A,H,A,D,22,N,03,C,,,Y,,C,Y,N,A,1,0,0,1,22350.0,4,35.1357571,-120.6223164,4
2013,2013-09-09,2312,9,3,23,1,N,A,N,A,H,D,-,- ,E,18,H,,,,,H,Y,N,D,1,0,0,0,,1,35.270816,-120.7063162,4
2013,2013-09-05,1710,9,3,17,4,N,A,N,A,H,A,A,07,W,03,C,,,,,C,Y,N,D,1,0,0,0,22350.0,2,35.54348989,-120.74624956,4
2013,2013-09-07,955,9,3,9,6,Y,A,N,A,H,A,D,22,,08,D,,,,,C,N,N,D,4,0,0,0,22107.0,2,35.179767,-120.7003995,3
2013,2013-09-04,950,9,3,9,3,N,A,Y,A,D,A,D,22,S,08,F,,,,,A,Y,N,D,1,0,0,0,22107.0,1,35.1727413,-120.6950661,3
2013,2013-09-02,1020,9,3,10,1,N,A,N,A,H,A,A,01,N,08,E,,,,,I,Y,N,D,1,0,0,0,22107.0,1,35.6514997,-120.739631,4
2013,2013-09-17,1815,9,3,18,2,N,A,N,A,H,A,A,01,W,03,B,,Y,,,G,N,N,A,1,0,1,0,22350.0,2,35.2766691,-120.7116508,3
2013,2013-10-07,1045,10,3,10,1,N,A,Y,A,H,A,J,48,N,22,C,,,,,C,N,N,D,1,0,0,0,,2,35.0768081,-120.5228167,4
2013,2013-09-13,1410,9,3,14,5,N,A,N,A,H,A,A,07,E,08,E,,,,,I,Y,N,D,1,0,0,0,22107.0,1,35.5267554,-120.503172,2
2013,2013-09-15,1451,9,3,14,7,N,A,N,A,H,A,A,01,N,03,C,,,,,C,N,N,D,2,0,0,0,22350.0,2,35.4601003,-120.6437723,3
2013,2013-09-13,1942,9,3,19,5,Y,A,N,A,H,C,L,04,,12,D,,Y,,,G,N,N,A,1,0,1,0,21453.0,2,35.4775149,-120.6563026,3
2013,2013-09-15,20,9,3,0,7,N,A,N,A,H,D,-,- ,S,08,E,,,,,I,Y,N,D,1,0,0,0,22107.0,1,35.58442211,-120.66469342,2
2013,2013-09-09,1150,9,3,11,1,N,E,Y,A,H,A,A,01,S,08,D,,,Y,,C,N,N,D,1,0,0,1,22107.0,2,35.6284155,-121.1595988,4
2013,2013-08-13,844,8,2,8,2,N,A,N,A,H,A,C,03,S,03,E,,,Y,,I,N,N,A,1,0,0,1,22350.0,1,35.2696909,-120.656529,3
2013,2013-08-13,1454,8,2,14,2,N,A,N,A,H,A,A,01,S,05,A,,,,,C,Y,N,D,1,0,0,0,21650.0,2,35.263835,-120.67053,4
2012,2012-08-31,900,8,2,9,5,Y,A,Y,A,H,A,A,01,,08,D,,Y,,,G,N,F,A,1,0,1,0,22100.0,2,35.55534489,-121.08234277,3
2013,2013-08-13,1238,8,2,12,2,Y,A,Y,A,H,A,-,- ,,00,D,,,,,C,Y,N,A,3,0,0,0,,2,35.2940649,-120.6681226,3
2013,2013-08-29,1439,8,2,14,4,N,A,N,A,H,A,L,04,E,08,B,,Y,,,G,N,N,D,1,0,1,0,22107.0,2,35.1413558,-120.6387686,4
2013,2013-08-16,1534,8,2,15,5,Y,A,N,A,H,A,A,01,,03,C,,,,,C,Y,N,D,1,0,0,0,22350.0,2,35.2735949,-120.6696026,4
2013,2013-08-30,1129,8,2,11,5,Y,A,Y,A,H,A,A,01,,09,D,,,,,C,Y,N,A,2,0,0,0,21801.0,2,35.496565,-120.6776527,3
2013,2013-08-27,1507,8,2,15,2,N,A,N,A,H,A,N,60,S,11,G,Y,,,,B,N,N,D,1,1,0,0,21954.0,2,35.4921243,-120.6674146,4
2013,2013-09-13,1345,9,3,13,5,N,A,Y,A,H,A,D,22,N,08,E,,,,,I,Y,N,D,1,0,0,0,22107.0,1,35.4371415,-120.7530341,4
2013,2013-08-02,853,8,2,8,5,Y,A,Y,A,H,B,D,22,,09,D,,,,,C,Y,N,A,1,0,0,0,21801.0,2,35.1305449,-120.6065725,4
2013,2013-09-13,758,9,3,7,5,Y,E,N,A,H,A,A,01,,09,D,,,,,C,Y,N,A,2,0,0,0,21802.0,2,35.3093049,-120.8239426,3
2013,2013-09-12,1435,9,3,14,4,Y,A,N,A,H,A,A,01,,03,C,,,,,C,Y,N,D,2,0,0,0,22350.0,2,35.1944649,-120.7131426,3
2013,2013-08-30,2110,8,2,21,5,Y,A,Y,A,H,C,A,01,,09,H,,Y,,,G,N,N,A,1,0,1,0,21801.0,2,35.1148349,-120.5715426,3
2013,2013-09-21,1430,9,3,14,6,N,B,N,A,H,A,C,02,S,03,F,,,Y,,A,N,N,D,1,0,0,1,22350.0,1,35.1809461,-120.5704059,2
2013,2013-09-12,755,9,3,7,4,N,A,Y,A,H,A,D,22,N,08,F,,,,,A,Y,N,D,2,0,0,0,22107.0,1,35.7251549,-120.6989127,3
2013,2013-09-18,1710,9,3,17,3,Y,A,N,A,H,B,D,22,,12,G,Y,,,,B,N,M,D,1,1,0,0,22450.0,2,35.5544049,-120.7176626,4
2013,2013-09-20,1745,9,3,17,5,N,A,N,A,A,A,A,01,E,08,E,,,,,I,Y,N,D,2,0,0,0,22107.0,1,35.326474,-120.7876742,3
2013,2013-09-24,1030,9,3,10,2,N,A,N,A,H,A,C,02,W,08,F,,,Y,,A,Y,N,D,1,0,0,1,22107.0,1,35.1884648,-120.7224868,3
2013,2013-09-08,950,9,3,9,7,N,A,N,A,H,A,L,04,W,04,F,,Y,,,I,N,N,D,1,0,1,0,21703.0,1,35.5248105,-120.6438221,3
2013,2013-09-16,935,9,3,9,1,N,A,N,A,H,A,A,01,W,08,E,,,,,I,N,N,D,1,0,0,0,22107.0,1,35.5543853,-120.7160672,4
2013,2013-09-13,1420,9,3,14,5,N,A,Y,A,C,A,A,01,N,03,C,,,,,C,Y,N,D,1,0,0,0,22350.0,2,35.4538405,-120.6420534,4
2013,2013-09-08,1850,9,3,18,7,N,A,Y,A,H,B,A,01,E,01,E,,,,,I,Y,N,D,1,0,0,0,23152.0,1,35.5808857,-120.7189604,4
2013,2013-08-02,1342,8,2,13,5,N,A,N,A,H,A,A,01,E,07,B,,,,,C,N,N,D,1,0,0,0,21658.0,2,35.120744,-120.6036326,4
2013,2013-08-10,1450,8,2,14,6,N,A,Y,A,H,A,A,01,E,03,C,,,,,C,N,N,A,1,0,0,0,22350.0,2,35.1256228,-120.5952206,4
2013,2013-09-16,1450,9,3,14,1,Y,A,N,A,H,A,L,04,,01,F,,Y,,,A,N,N,A,1,0,1,0,21200.0,1,35.7492049,-120.6994727,2
2013,2013-09-22,1810,9,3,18,7,Y,A,Y,A,H,A,A,01,,09,D,,,,,C,Y,F,D,7,0,0,0,21801.0,2,35.6591498,-120.6036209,2
2013,2013-09-13,945,9,3,9,5,N,A,N,A,H,A,A,01,W,08,E,,,,,I,Y,N,D,1,0,0,0,22107.0,1,35.7869186,-120.9700763,4
2013,2013-08-23,1400,8,2,14,5,N,A,N,A,H,A,A,07,N,03,C,,,,,C,N,N,A,1,0,0,0,22350.0,2,35.0348567,-120.5008901,4
2013,2013-08-30,1925,8,2,19,5,Y,A,N,A,H,C,A,01,,09,D,,,,,C,Y,N,A,2,0,0,0,21802.0,2,35.1030749,-120.6090626,4
2013,2013-08-10,455,8,2,4,6,N,A,N,A,H,D,A,01,E,03,D,,,,,C,Y,F,D,3,0,0,0,22350.0,2,35.006357,-120.5520165,2
2013,2013-08-23,2243,8,2,22,5,N,A,N,A,H,D,A,01,E,01,E,,,,,I,Y,N,D,1,0,0,0,23152.0,1,35.1820336,-120.7059688,2
2013,2013-08-31,1405,8,2,14,6,N,A,Y,A,H,A,A,07,S,08,F,,,,,A,Y,M,D,1,0,0,0,22107.0,2,35.0205977,-120.4672365,4
2013,2013-09-24,1625,9,3,16,2,N,A,Y,A,H,A,D,22,S,04,C,,,,,C,Y,N,D,1,0,0,0,21703.0,3,35.16014,-120.6779129,4
2013,2013-09-30,1200,9,3,12,1,Y,A,Y,A,H,A,F,26,,03,C,,,,Y,C,Y,N,D,1,0,0,0,22350.0,2,35.5033358,-121.0158826,4
2013,2013-09-22,1105,9,3,11,7,N,A,Y,A,H,A,A,01,S,07,B,,,,,C,Y,N,D,1,0,0,0,21658.0,2,35.3426421,-120.7643199,4
2013,2013-09-26,1510,9,3,15,4,N,A,N,A,H,A,D,22,E,08,F,,,,,A,Y,N,D,1,0,0,0,22107.0,1,35.6370899,-120.632376,4
2013,2013-09-20,2356,9,3,23,5,N,F,Y,B,H,D,C,02,S,01,E,,,Y,,I,Y,N,D,1,0,0,1,23152.0,1,35.2594624,-120.6738079,2
2013,2013-09-27,1735,9,3,17,5,N,A,Y,A,H,A,A,01,N,03,C,,,,,C,Y,N,D,1,0,0,0,22350.0,3,35.1442993,-120.6420793,4
2013,2013-09-24,745,9,3,7,2,N,A,Y,A,H,A,A,01,N,03,C,,,,,C,Y,N,D,1,0,0,0,22350.0,2,35.0577784,-120.5033309,4
2013,2013-09-26,1800,9,3,18,4,N,A,Y,A,H,A,A,01,S,01,C,,,,,C,Y,N,A,1,0,0,0,23152.0,3,35.3309786,-120.734449,4
2013,2013-09-26,2055,9,3,20,4,N,A,Y,A,H,C,C,02,S,03,F,,,Y,,A,Y,N,D,1,0,0,1,22350.0,1,35.2659049,-120.6737126,3
2013,2013-08-23,2140,8,2,21,5,Y,A,N,A,H,C,D,22,,12,D,,,,,C,Y,N,A,1,0,0,0,21453.0,2,35.2747849,-120.6694326,4
2013,2013-08-17,1529,8,2,15,6,N,A,N,A,H,A,A,08,E,03,C,,,,,C,N,N,D,1,0,0,0,22350.0,2,35.2597971,-120.68337679,4
2013,2013-08-21,1552,8,2,15,3,N,A,Y,A,H,A,D,22,E,03,C,,,,,C,Y,N,A,1,0,0,0,22350.0,2,35.2940649,-120.6679126,4
2013,2013-09-20,2358,9,3,23,5,N,A,N,B,H,C,A,01,N,01,B,,,,,E,Y,N,A,1,0,0,0,23153.0,4,35.2958765,-120.6780665,3
2013,2013-08-20,1539,8,2,15,2,N,A,N,A,H,A,L,04,W,05,D,,Y,,,G,N,N,A,1,0,1,0,21650.0,2,35.2655681,-120.674338,4
2013,2013-08-21,1208,8,2,12,3,Y,A,N,A,H,A,A,01,,12,G,Y,,,,B,N,F,A,1,1,0,0,22450.0,2,35.2695549,-120.6679627,4
2013,2013-09-08,600,9,3,6,7,N,A,Y,A,H,D,A,01,S,08,E,,,,,I,Y,N,D,1,0,0,0,22107.0,1,35.7062399,-120.6952923,2
2013,2013-09-16,2010,9,3,20,1,N,A,Y,A,H,D,A,07,E,09,D,,,,,C,Y,N,D,2,0,0,0,21801.0,2,35.1930949,-120.7006426,4
2013,2013-09-22,1045,9,3,10,7,N,A,N,A,H,A,A,01,W,08,E,,,,,I,Y,N,D,1,0,0,0,22107.0,1,35.1411448,-120.523363,4
2013,2013-09-15,2200,9,3,22,7,N,A,Y,A,H,D,A,01,E,08,E,,,,,I,Y,N,D,1,0,0,0,22107.0,1,35.0166076,-120.3483119,3
2013,2013-09-09,730,9,3,7,1,N,A,N,A,H,A,A,01,S,08,C,,,,,E,N,N,A,1,0,0,0,22107.0,2,35.6424178,-120.6644852,4
2013,2013-09-20,1933,9,3,19,5,N,A,N,A,H,C,A,07,S,03,A,,,,,I,N,N,A,1,0,0,0,22350.0,1,35.6201425,-120.6934243,3
2013,2013-09-21,1601,9,3,16,6,N,A,N,A,H,A,A,01,N,03,C,,,,,C,N,N,A,2,0,0,0,22350.0,3,35.6382964,-120.692404,3
2013,2013-09-24,721,9,3,7,2,N,E,N,A,H,B,A,01,W,03,C,,,,,C,Y,N,A,1,0,0,0,22350.0,3,35.6150288,-120.6806463,3
2013,2013-09-23,1640,9,3,16,1,N,A,N,A,H,A,-,- ,E,18,A,,,,,C,Y,N,A,2,0,0,0,,2,35.6252402,-120.6706385,3
2013,2013-09-12,1929,9,3,19,4,N,A,N,A,H,A,A,01,S,21,D,,,,,C,N,N,D,1,0,0,0,22106.0,2,35.6068382,-120.6570962,3
2013,2013-09-22,1550,9,3,15,7,N,A,N,A,H,A,A,01,E,08,E,,,,,I,Y,N,D,1,0,0,0,22107.0,1,35.5438064,-120.700777,4
2013,2013-09-10,1453,9,3,14,2,N,A,Y,A,H,A,D,22,N,03,C,,,,,C,Y,N,A,3,0,0,0,22350.0,3,35.1282526,-120.6319166,2
2013,2013-10-06,1531,10,3,15,7,Y,A,Y,A,H,A,D,22,,08,D,,Y,,,G,N,N,D,1,0,1,0,22107.0,2,35.2984903,-120.6740259,2
2013,2013-09-14,2347,9,3,23,6,-,A,N,A,H,C,L,04,,01,E,,Y,,,I,N,N,D,1,0,1,0,21200.0,1,,,4
2013,2013-10-08,1825,10,3,18,2,N,A,N,A,H,A,D,22,N,03,C,,,,,C,Y,N,D,1,0,0,0,22350.0,2,35.4470929,-120.9007637,3
2013,2013-09-20,542,9,3,5,5,N,A,Y,A,D,D,E,22,E,09,D,,,,,C,Y,N,D,2,0,0,0,21802.0,2,35.6549238,-120.5252616,2
2013,2013-09-16,953,9,3,9,1,N,A,Y,A,H,A,-,- ,E,18,E,,,Y,,H,Y,N,D,2,0,0,2,,1,35.6616858,-120.4076444,2
2013,2013-09-25,300,9,3,3,3,N,A,N,A,H,D,A,01,E,08,F,,,,,-,Y,N,D,1,0,0,0,22107.0,1,35.6815321,-120.9344588,3
2013,2013-10-06,1926,10,3,19,7,N,A,Y,A,H,C,-,- ,S,18,H,,,,,H,Y,N,D,1,0,0,0,,1,35.3595117,-120.8007221,4
2013,2013-10-14,635,10,3,6,1,N,A,Y,A,D,D,A,01,N,03,C,,,,,C,N,M,D,1,0,0,0,22350.0,4,34.9867912,-120.4331911,4
2013,2013-10-06,1358,10,3,13,7,N,A,N,A,H,A,C,02,W,08,E,,,Y,,I,Y,N,D,1,0,0,1,22107.0,1,35.2893762,-120.4272074,2
2013,2013-09-09,1630,9,3,16,1,N,A,Y,A,H,A,A,01,E,08,E,,,,,I,Y,N,D,1,0,0,0,22107.0,1,35.4353849,-120.5334226,3
2013,2013-09-03,840,9,3,8,2,N,A,N,A,H,A,A,07,W,05,A,,,,,C,Y,N,D,3,0,0,0,21460.0,3,35.55870518,-120.68865359,3
2013,2013-09-28,1510,9,3,15,6,N,A,Y,A,H,A,-,- ,E,18,E,,,,,J,Y,N,D,2,0,0,0,,1,35.5844237,-120.7122688,3
2013,2013-09-28,1506,9,3,15,6,N,A,N,A,H,A,A,01,S,08,D,,Y,,,G,N,N,A,1,0,1,0,22107.0,2,35.4494876,-120.9056982,3
2013,2013-10-02,1238,10,3,12,3,N,A,N,A,H,A,A,01,W,03,E,,,,,I,Y,N,D,2,0,0,0,22350.0,1,35.639146,-120.8304114,4
2013,2013-10-06,1045,10,3,10,7,N,A,N,A,H,A,A,01,E,03,-,,,,,C,N,N,D,1,0,0,0,22350.0,3,35.0379788,-120.4827001,4
2013,2013-09-10,945,9,3,9,2,N,B,N,A,H,A,D,22,N,08,D,,Y,,,G,N,N,A,1,0,1,0,22107.0,2,35.2674034,-120.6547184,3
2013,2013-09-06,1828,9,3,18,5,N,A,N,A,H,A,A,01,N,- ,G,Y,,,,B,N,N,A,1,1,0,0,,2,35.261303,-120.6500535,4
2013,2013-10-12,2050,10,3,20,6,N,A,N,A,H,D,D,22,W,01,F,,,,,A,Y,N,D,2,0,0,0,23152.0,1,35.6543222,-120.5337824,3
2013,2013-10-11,1955,10,3,19,5,N,A,Y,A,H,D,E,22,E,01,A,,,,,C,Y,N,D,1,0,0,0,23152.0,3,35.6594831,-120.5966793,3
2013,2013-10-13,405,10,3,4,7,N,A,Y,A,-,D,D,22,S,01,F,,,,,A,Y,N,D,1,0,0,0,23152.0,1,35.5774837,-120.6971551,2
2013,2013-09-11,1431,9,3,14,3,Y,A,N,A,H,A,D,22,,09,D,,,,,C,Y,N,A,1,0,0,0,21802.0,2,35.1155048,-120.5915826,4
2013,2013-09-11,720,9,3,7,3,Y,A,N,A,H,A,A,01,,09,D,,,,,C,Y,N,A,2,0,0,0,21802.0,2,35.1107148,-120.5916426,4
2013,2013-09-22,1628,9,3,16,7,N,A,Y,A,H,A,A,01,W,06,B,,,,,C,N,N,D,1,0,0,0,21755.0,2,35.124405,-120.5919109,4
2013,2013-09-10,1142,9,3,11,2,Y,A,N,A,H,A,L,04,,03,H,,Y,,,A,N,N,A,1,0,1,0,22350.0,1,35.1330349,-120.5638926,2
2013,2013-09-30,1403,9,3,14,1,N,A,N,A,H,A,C,02,W,03,B,,,Y,,E,N,N,A,1,0,0,1,22350.0,2,35.118727,-120.5921465,4
2013,2013-09-20,1149,9,3,11,5,N,A,N,A,H,A,A,07,S,21,C,,,,,C,N,N,A,1,0,0,0,22106.0,2,35.1185157,-120.5915749,4
2013,2013-10-05,1600,10,3,16,6,N,A,Y,A,H,A,C,02,S,01,F,,,Y,,A,Y,N,D,1,0,0,1,23152.0,1,35.4885555,-120.5445599,2
2013,2013-10-09,630,10,3,6,3,N,B,N,B,H,B,A,01,W,05,A,,,,,C,Y,N,D,3,0,0,0,21650.0,3,35.0077273,-120.4500745,3
2013,2013-11-01,625,11,3,6,5,Y,A,Y,A,H,B,A,01,,09,D,,,,,C,Y,N,A,2,0,0,0,21802.0,2,35.0107849,-120.5676126,3
2013,2013-10-25,1730,10,3,17,5,N,A,N,A,H,A,D,22,N,01,F,,,,,A,Y,N,D,1,0,0,0,23152.0,1,35.3141933,-120.7756833,3
2013,2013-10-21,1508,10,3,15,1,Y,A,N,A,H,A,-,- ,,00,D,,,,,C,N,N,A,1,0,0,0,,2,35.0473849,-120.5243126,4
2013,2013-10-17,742,10,3,7,4,N,A,Y,A,H,A,A,07,S,03,C,,,,,C,Y,N,D,2,0,0,0,22350.0,4,35.1383348,-120.6309724,4
2013,2013-10-12,313,10,3,3,6,N,A,Y,A,H,D,D,22,N,01,F,,,,,A,Y,N,D,1,0,0,0,23152.0,1,35.1250641,-120.5949558,3
2013,2013-09-12,1530,9,3,15,4,N,A,N,A,H,A,D,22,S,03,C,,,,,A,N,N,D,2,0,0,0,22350.0,3,35.2692671,-120.6704272,4
2013,2013-09-12,1514,9,3,15,4,N,A,N,A,H,A,D,22,S,09,D,,,,,C,Y,N,D,1,0,0,0,21804.0,2,35.2709267,-120.6701429,4