ACCIDENT_YEAR,COLLISION_DATE,COLLISION_TIME,MONTH,SEASON,24HOURS,DAY_OF_WEEK,INTERSECTION,WEATHER_1,STATE_HWY_IND,ROAD_SURFACE,ROAD_COND_1,LIGHTING,STWD_VEHTYPE_AT_FAULT,CHP_VEHTYPE_AT_FAULT,DIRECTION,PCF_VIOL_CATEGORY,TYPE_OF_COLLISION,PEDESTRIAN_ACCIDENT,BICYCLE_ACCIDENT,MOTORCYCLE_ACCIDENT,TRUCK_ACCIDENT,MVIW,TOW_AWAY,HIT_AND_RUN,CONTROL_DEVICE,NUMBER_INJURED,COUNT_PED_INJURED,COUNT_BICYCLIST_INJURED,COUNT_MC_INJURED,PCF_VIOLATION,PARTY_COUNT,POINT_Y,POINT_X,COLLISION_SEVERITY
2013,2013-10-15,805,10,3,8,2,N,A,Y,A,H,A,D,22,N,03,C,,,,,C,Y,N,D,1,0,0,0,22350.0,2,35.219002,-120.6182158,4
2013,2013-10-11,1710,10,3,17,5,N,A,Y,A,H,A,D,22,S,03,C,,,,,C,N,N,D,1,0,0,0,22350.0,3,35.1602025,-120.678073,4
2013,2013-10-08,720,10,3,7,2,N,B,Y,A,H,A,A,01,N,08,E,,,,,I,N,N,D,1,0,0,0,22107.0,1,35.362609,-120.8116068,4
2013,2013-10-11,1640,10,3,16,5,N,A,Y,A,H,A,C,02,N,03,C,,,Y,,C,Y,N,D,1,0,0,1,22350.0,2,35.2289877,-120.6913012,2
2013,2013-10-07,1032,10,3,10,1,N,A,Y,A,H,A,A,01,S,08,E,,,,,I,Y,N,D,1,0,0,0,22107.0,1,35.0365392,-120.563872,3
2013,2013-10-04,1730,10,3,17,5,N,A,N,A,H,A,C,02,N,03,F,,,Y,,A,N,N,D,1,0,0,1,22350.0,1,,,2
2013,2013-10-07,1,10,3,0,1,N,A,Y,A,H,D,A,01,N,01,F,,,,,A,Y,N,D,1,0,0,0,23152.0,1,35.1114116,-120.564526,2
2013,2013-09-23,1545,9,3,15,1,Y,A,N,A,H,A,A,07,,08,F,,,Y,,A,Y,N,D,1,0,0,1,22107.0,2,35.1386148,-120.6407226,3
2013,2013-10-14,1630,10,3,16,1,Y,A,Y,A,H,A,A,01,,17,D,,,,,C,N,N,A,2,0,0,0,21451.0,2,35.1382849,-120.6318726,4
2013,2013-10-15,1256,10,3,12,2,Y,A,Y,A,H,A,A,01,,09,D,,,,,C,Y,N,A,2,0,0,0,21801.0,2,35.0394349,-120.4868126,3
2013,2013-09-16,1716,9,3,17,1,Y,A,Y,A,H,A,A,01,,09,D,,,,,C,N,N,A,1,0,0,0,21802.0,2,35.2851149,-120.6643226,4
2013,2013-09-16,2009,9,3,20,1,Y,A,N,A,H,C,A,01,,08,H,,,Y,,C,Y,N,A,1,0,0,1,22107.0,2,35.2806049,-120.6617427,3
2013,2013-09-13,2112,9,3,21,5,N,A,Y,A,H,C,N,60,N,11,G,Y,,,,B,N,N,D,1,1,0,0,21954.0,2,35.2889,-120.6655566,4
2013,2013-09-11,727,9,3,7,3,Y,B,N,A,H,A,L,04,,12,D,,Y,,,G,N,N,A,1,0,1,0,21453.0,2,35.286095,-120.6546426,3
2013,2013-09-17,1812,9,3,18,2,Y,A,N,A,H,A,-,- ,,18,E,Y,,,,I,Y,N,A,2,1,0,0,,2,35.2805149,-120.6634526,2
2013,2013-09-17,928,9,3,9,2,N,A,N,A,H,A,A,01,E,09,D,,,,,C,N,N,D,1,0,0,0,21804.0,2,35.2877398,-120.6557203,4
2013,2013-09-17,1139,9,3,11,2,N,A,Y,A,H,A,A,01,N,03,C,,,,,C,N,N,D,1,0,0,0,22350.0,3,35.2879508,-120.6647207,4
2013,2013-10-16,905,10,3,9,3,N,A,Y,A,H,A,A,01,E,03,C,,,,,C,N,N,A,1,0,0,0,22350.0,2,35.644658,-120.6577598,4
2013,2013-10-19,1330,10,3,13,6,N,A,Y,A,H,A,A,01,W,03,C,,,,,C,N,N,D,2,0,0,0,22350.0,2,35.5481449,-120.7884927,4
2013,2013-10-20,1130,10,3,11,7,N,A,N,A,H,A,A,01,S,09,D,,,,,C,N,N,A,3,0,0,0,21801.0,3,35.6388259,-120.6924496,4
2013,2013-10-08,805,10,3,8,2,N,B,N,A,H,A,A,07,S,01,E,,,,,I,Y,N,D,6,0,0,0,23152.0,1,,,3
2013,2013-10-22,1908,10,3,19,2,Y,A,N,A,H,C,-,- ,,10,D,,Y,,,G,N,M,D,1,0,1,0,21950.0,2,35.6370649,-120.6922926,4
2013,2013-10-16,1220,10,3,12,3,N,A,Y,A,H,A,A,01,S,08,E,,,,,I,Y,N,D,3,0,0,0,22107.0,1,35.7901302,-120.7308795,2
2013,2013-10-23,755,10,3,7,3,N,B,Y,A,H,A,C,02,N,03,F,,,Y,,A,Y,N,D,1,0,0,1,22350.0,2,35.6061234,-120.6926222,4
2013,2013-10-26,1405,10,3,14,6,N,B,Y,A,H,A,D,22,N,03,C,,,,,C,Y,N,D,1,0,0,0,22350.0,2,35.0995508,-120.6134624,4
2013,2013-10-23,1310,10,3,13,3,Y,A,N,A,H,A,A,01,,- ,D,,,,,C,Y,N,A,2,0,0,0,,3,35.1961049,-120.7005426,4
2013,2013-10-09,725,10,3,7,3,N,C,Y,B,H,A,D,22,W,03,E,,,,,I,Y,N,D,1,0,0,0,22350.0,1,35.4599349,-120.6837827,4
2013,2013-10-20,1852,10,3,18,7,Y,A,N,A,H,C,L,04,,12,D,,Y,,,G,N,N,A,1,0,1,0,22450.0,2,35.481755,-120.6571627,4
2013,2013-09-25,1913,9,3,19,3,N,A,Y,A,H,D,-,- ,N,01,E,,,,,I,Y,N,D,1,0,0,0,23152.0,1,35.4728283,-120.6588472,4
2013,2013-10-09,1647,10,3,16,3,N,A,Y,A,H,A,D,22,W,03,C,,,,,C,Y,N,A,2,0,0,0,22350.0,4,35.4802595,-120.6666012,4
2013,2013-10-26,1545,10,3,15,6,N,A,N,A,H,A,A,01,W,03,B,,Y,,,G,N,N,D,3,0,3,0,22350.0,4,35.1899891,-120.6165962,4
2013,2013-10-19,2140,10,3,21,6,N,A,N,A,H,D,A,01,W,08,B,,,,,C,Y,N,D,1,0,0,0,22107.0,2,35.0179586,-120.4826245,4
2013,2013-10-15,1454,10,3,14,2,Y,A,N,A,H,A,A,07,,09,D,,,,,C,Y,N,D,1,0,0,0,21801.0,2,35.4725149,-120.6537127,4
2013,2013-10-10,1453,10,3,14,4,Y,A,N,A,H,A,A,01,,08,D,,,,,C,N,N,D,1,0,0,0,22107.0,2,35.4842249,-120.6515127,4
2013,2013-11-11,154,11,3,1,1,N,A,N,A,H,D,D,22,E,08,E,,,,,I,Y,M,D,1,0,0,0,22107.0,1,35.7159452,-120.8418278,4
2013,2013-11-11,1427,11,3,14,1,N,A,N,A,H,A,D,22,S,08,E,,,,,I,Y,N,D,1,0,0,0,22107.0,1,35.5171729,-120.6575827,3
2013,2013-10-09,1555,10,3,15,3,N,B,Y,A,H,A,A,07,N,08,E,,,,,I,Y,N,D,1,0,0,0,22107.0,1,35.4812302,-120.6606635,3
2013,2013-10-20,1300,10,3,13,7,N,A,Y,A,H,A,C,02,E,03,E,,,Y,,I,N,N,D,1,0,0,1,22350.0,1,35.3904949,-120.5783826,2
2013,2013-09-25,804,9,3,8,3,N,A,N,A,H,A,L,04,W,03,C,,Y,,,G,N,N,A,1,0,1,0,22350.0,2,35.2875564,-120.6560604,3
2013,2013-09-29,1235,9,3,12,7,N,A,N,A,H,A,A,01,N,08,B,,,,,C,Y,N,D,2,0,0,0,22107.0,2,35.2485507,-120.6431719,4
2013,2013-09-24,1118,9,3,11,2,Y,A,Y,A,H,A,A,01,,08,B,,Y,,,G,N,F,A,1,0,1,0,21717.0,2,35.2858122,-120.6631663,3
2013,2013-09-19,2305,9,3,23,4,N,A,N,A,H,D,N,60,N,11,A,Y,,,,B,Y,N,D,1,1,0,0,21954.0,2,35.2910482,-120.6604317,3
2013,2013-09-21,1136,9,3,11,6,N,A,Y,A,H,A,A,08,N,08,D,,,,,C,Y,N,D,3,0,0,0,22102.0,2,35.2454571,-120.6415931,4
2013,2013-10-15,1415,10,3,14,2,N,A,Y,A,H,A,A,01,W,08,E,,,,,I,Y,N,D,1,0,0,0,22107.0,1,35.5406607,-120.9933681,3
2013,2013-10-25,1700,10,3,17,5,N,A,Y,A,H,A,A,01,S,03,C,,,,,C,Y,N,A,4,0,0,0,22350.0,2,35.6595149,-120.5609427,4
2013,2013-10-29,810,10,3,8,2,N,B,Y,A,H,A,A,07,S,08,E,,,,,I,Y,N,D,1,0,0,0,22107.0,1,35.6020654,-120.692503,4
2013,2013-10-29,1405,10,3,14,2,N,A,N,A,H,A,A,01,S,01,B,,,,,C,Y,N,A,1,0,0,0,23152.0,2,35.427746,-120.6047998,3
2013,2013-10-11,1028,10,3,10,5,Y,A,N,A,H,A,A,01,,05,A,,,,,C,Y,N,A,2,0,0,0,21650.0,2,35.355051,-120.8280825,3
2013,2013-10-18,631,10,3,6,5,Y,A,N,A,H,B,A,01,,09,B,,,,,C,Y,N,A,3,0,0,0,21802.0,3,35.3884349,-120.8583227,3
2013,2013-10-24,1240,10,3,12,4,N,A,N,A,H,A,A,01,,01,B,,,,,D,N,N,D,1,0,0,0,23152.0,1,35.37057553,-120.847013,3
2013,2013-10-03,820,10,3,8,4,N,A,Y,A,H,A,-,- ,,09,D,,Y,,,G,N,F,A,1,0,1,0,21804.0,2,,,3
2013,2013-09-27,1155,9,3,11,5,N,A,N,A,H,A,C,02,S,08,D,,,Y,,E,N,N,A,1,0,0,1,22107.0,2,35.3899782,-120.8547137,3
2013,2013-11-13,805,11,3,8,3,N,A,N,A,H,A,D,22,S,09,D,,,,,C,Y,N,D,3,0,0,0,21804.0,2,35.64009429,-120.20680636,3
2013,2013-11-04,1545,11,3,15,1,Y,A,Y,A,H,A,D,22,,03,C,,,,,C,N,N,D,1,0,0,0,22350.0,2,35.6591547,-120.6035768,4
2013,2013-11-05,1800,11,3,18,2,N,A,Y,A,H,D,D,22,N,01,C,,,,Y,C,Y,N,D,1,0,0,0,23152.0,2,35.3371537,-120.6266087,2
2013,2013-09-05,1027,9,3,10,4,Y,A,Y,A,H,A,D,22,,17,E,,Y,,,C,N,N,A,1,0,1,0,21200.0,2,35.3937649,-120.8601126,4
2013,2013-02-04,1738,2,4,17,1,Y,A,Y,A,H,C,D,22,,03,C,,,,,C,Y,N,A,1,0,0,0,22350.0,2,35.4042349,-120.8678727,4
2013,2013-06-20,1544,6,2,15,4,N,A,N,A,H,A,D,22,,22,E,,,,,I,Y,N,A,1,0,0,0,,2,35.36867958,-120.84325701,3
2013,2013-05-06,842,5,1,8,1,Y,B,Y,B,H,A,A,01,,03,C,,,,,C,N,N,A,1,0,0,0,22350.0,2,35.405435,-120.8688168,4
2013,2013-10-28,800,10,3,8,1,Y,B,Y,B,H,A,D,22,,03,D,,,,,C,Y,N,A,1,0,0,0,22350.0,2,35.405435,-120.8688168,4
2013,2013-06-13,1306,6,2,13,4,Y,A,N,A,H,A,A,01,,09,D,,,,,D,Y,N,D,1,0,0,0,21803.0,3,35.3664849,-120.8409126,4
2013,2013-11-05,1521,11,3,15,2,Y,A,Y,A,H,A,D,22,,03,C,,,,,C,N,N,A,1,0,0,0,22350.0,2,35.3827749,-120.8565327,4
2013,2013-05-04,1003,5,1,10,6,N,A,N,A,H,A,D,22,E,03,A,,,,,I,Y,N,A,1,0,0,0,22350.0,1,35.3545591,-120.8414942,3
2013,2013-08-10,1825,8,2,18,6,N,A,N,A,H,A,L,04,E,09,H,,Y,,,G,N,N,A,1,0,1,0,21804.0,2,35.37135373,-120.85017711,3
2013,2013-08-03,854,8,2,8,6,Y,A,Y,A,H,A,A,01,,08,H,,Y,,,G,N,N,D,1,0,1,0,22107.0,2,35.3685549,-120.8421027,3
2013,2013-08-29,2012,8,2,20,4,Y,A,Y,A,H,C,A,08,,03,D,,,,,C,Y,N,A,4,0,0,0,22350.0,2,35.405435,-120.8688168,3
2013,2013-08-08,1538,8,2,15,4,N,A,N,A,H,A,A,01,S,09,D,,,,,C,Y,N,A,5,0,0,0,21804.0,3,35.3893147,-120.8586574,4
2013,2013-05-03,1402,5,1,14,5,Y,A,N,A,H,A,A,01,,08,E,,Y,,,G,N,N,D,1,0,1,0,22107.0,2,35.3846219,-120.85686296,4
2013,2013-06-14,1803,6,2,18,5,N,A,N,A,H,A,A,01,,08,B,,,,,C,Y,N,A,1,0,0,0,22107.0,3,35.36496268,-120.85231483,4
2013,2013-07-04,1932,7,2,19,4,N,E,N,A,H,B,A,01,,01,G,Y,,,,B,Y,N,A,1,1,0,0,23152.0,2,35.3659449,-120.8500226,4
2013,2013-07-17,1915,7,2,19,3,N,A,N,A,H,A,-,- ,,00,H,,,Y,,A,Y,N,A,1,0,0,1,,1,35.3621149,-120.8243427,3
2013,2013-02-26,1830,2,4,18,2,N,A,Y,A,H,C,A,07,,12,A,,,,,C,N,N,A,1,0,0,0,21453.0,2,35.3950352,-120.8609923,4
2013,2013-03-22,1728,3,1,17,5,Y,B,N,A,H,A,A,01,,21,D,,,,,C,Y,N,A,1,0,0,0,22106.0,2,35.3735849,-120.8514727,4
2013,2013-11-14,1315,11,3,13,4,N,A,N,A,H,A,I,11,W,08,F,,,,,A,Y,N,D,1,0,0,0,22107.0,1,35.0935792,-120.563137,3
2013,2013-11-15,1115,11,3,11,5,N,A,N,A,H,A,E,22,W,21,C,,,,,C,N,N,D,1,0,0,0,22106.0,2,34.9961358,-120.43554,4
2013,2013-11-15,730,11,3,7,5,N,A,N,A,H,A,D,22,W,12,G,Y,,,,B,N,N,A,1,1,0,0,22450.0,2,35.2675957,-120.6715746,4
2013,2013-11-13,800,11,3,8,3,N,A,N,A,H,A,A,01,S,03,C,,,,,C,Y,N,D,1,0,0,0,22350.0,3,35.0056607,-120.4627055,4
2013,2013-10-22,1652,10,3,16,2,N,A,Y,A,H,A,C,02,S,08,E,,,Y,,I,Y,N,D,1,0,0,1,22107.0,1,35.3196437,-120.7113683,4
2013,2013-10-25,655,10,3,6,5,Y,B,Y,A,H,B,A,01,,09,D,,,,,C,Y,N,A,6,0,0,0,21802.0,2,35.0107849,-120.5676126,3
2013,2013-10-29,1720,10,3,17,2,N,A,N,A,H,A,A,01,W,03,C,,,,,C,N,N,A,1,0,0,0,22350.0,2,35.0354898,-120.487104,4
2013,2013-09-25,720,9,3,7,3,N,A,Y,A,H,A,A,01,S,07,B,,,,,C,N,M,D,1,0,0,0,21658.0,2,34.9924518,-120.433962,4
2013,2013-11-03,1338,11,3,13,7,Y,A,N,A,H,A,A,01,,09,A,,,,,C,Y,N,A,2,0,0,0,21801.0,2,35.1797749,-120.6996026,4
2013,2013-11-03,1235,11,3,12,7,N,A,Y,A,H,A,A,01,S,07,E,,,,,I,N,N,D,1,0,0,0,21658.0,2,35.0245294,-120.4711694,4
2013,2013-11-09,1750,11,3,17,6,N,A,N,A,H,D,F,26,S,01,C,,,,Y,C,Y,N,A,1,0,0,0,23153.0,2,35.4748325,-120.6546807,4
2013,2013-11-30,1720,11,3,17,6,N,A,Y,A,H,D,D,22,S,03,C,,,,,C,Y,N,D,1,0,0,0,22350.0,2,35.1792561,-120.6991417,4
2013,2013-11-26,1745,11,3,17,2,N,A,Y,A,H,D,A,01,S,03,C,,,,,C,Y,N,D,1,0,0,0,22350.0,2,35.2804433,-120.6694157,4
2013,2013-11-18,1845,11,3,18,1,Y,A,Y,A,H,C,A,01,,17,D,,,,,C,Y,N,A,1,0,0,0,21451.0,2,35.1308749,-120.6096826,3
2013,2013-11-21,630,11,3,6,4,Y,B,N,B,H,B,L,04,,05,G,,Y,,,G,N,N,A,1,0,1,0,21650.0,2,35.619725,-120.6592026,3
2013,2013-11-21,200,11,3,2,4,N,B,N,B,H,D,D,22,W,03,F,,,,,J,Y,N,A,1,0,0,0,22350.0,1,35.6370056,-120.66314578,4
2013,2013-11-11,1130,11,3,11,1,Y,A,Y,A,H,A,D,22,,09,D,,,,,C,Y,N,A,2,0,0,0,21801.0,2,35.6453244,-120.6343537,4
2013,2013-11-02,1232,11,3,12,6,N,A,N,A,H,A,A,01,E,05,A,,,,,C,Y,N,A,1,0,0,0,21460.0,2,35.651538,-120.6960124,4
2013,2013-10-15,722,10,3,7,2,Y,A,N,A,H,A,L,04,,06,D,,Y,,,G,N,N,A,1,0,1,0,21755.0,2,35.2826149,-120.6600326,3
2013,2013-10-18,1611,10,3,16,5,N,A,N,A,H,A,D,22,S,03,C,,,,,C,N,N,A,1,0,0,0,22350.0,3,35.2738743,-120.6562527,4
2013,2013-12-01,1050,12,4,10,7,N,B,Y,A,H,A,-,- ,S,18,E,,,,,J,N,N,D,1,0,0,0,,1,35.513481,-120.582309,4
2013,2013-11-06,535,11,3,5,3,Y,A,N,A,H,D,A,01,,09,D,,,,,C,Y,N,A,1,0,0,0,21802.0,2,35.0193649,-120.4930826,4
2013,2013-11-01,1455,11,3,14,5,N,A,Y,A,H,A,C,02,S,07,B,,,Y,,C,N,N,D,1,0,0,1,21658.0,2,35.2214096,-120.692454,3
2013,2013-11-05,1630,11,3,16,2,Y,A,N,A,H,A,A,01,,09,A,,,,,C,Y,N,D,3,0,0,0,21801.0,2,35.1821249,-120.7327327,3
2013,2013-10-27,1403,10,3,14,7,N,A,Y,A,H,A,A,07,E,09,D,,,,,C,Y,N,D,1,0,0,0,21801.0,2,35.6755591,-120.3476467,4
2013,2013-11-12,1505,11,3,15,2,N,A,Y,A,H,A,A,01,S,01,C,,,,,C,Y,N,A,2,0,0,0,23152.0,3,35.0346849,-120.4821526,4
2013,2013-11-08,1520,11,3,15,5,N,A,N,A,H,A,A,01,E,09,B,,,,,C,N,N,D,1,0,0,0,21801.0,2,35.3107436,-120.8294781,4
2013,2013-11-13,751,11,3,7,3,N,A,Y,A,H,A,A,01,S,03,C,,,,,C,Y,N,A,1,0,0,0,22350.0,3,35.3202137,-120.714441,4
2013,2013-11-13,750,11,3,7,3,N,A,Y,A,H,A,A,01,S,03,C,,,,,C,N,N,A,1,0,0,0,22350.0,3,35.3202728,-120.7146015,4
2013,2013-11-11,1710,11,3,17,1,N,A,N,A,H,B,A,07,S,08,E,,,,,I,Y,N,D,1,0,0,0,22107.0,1,35.0057216,-120.4628166,3
2013,2013-11-10,1230,11,3,12,7,N,A,N,A,H,A,-,- ,S,00,H,Y,Y,,,A,N,N,D,1,1,0,0,,2,35.0214728,-120.4932735,2
2013,2013-11-01,1725,11,3,17,5,N,A,Y,A,H,A,A,01,S,01,C,,,,,C,Y,M,A,2,0,0,0,23152.0,3,35.5553574,-121.0822549,4
2013,2013-11-05,1510,11,3,15,2,N,A,N,A,H,A,C,02,S,01,E,,,Y,,I,Y,M,D,1,0,0,1,23152.0,1,35.5944287,-120.6766481,2
2013,2013-11-12,2340,11,3,23,2,N,A,Y,A,H,D,A,01,S,08,E,,,,,I,Y,N,D,2,0,0,0,22107.0,1,35.7481807,-121.3119064,3
2013,2013-11-04,510,11,3,5,1,N,-,Y,A,H,D,A,01,N,08,-,,,,,C,Y,N,D,2,0,0,0,22107.0,2,35.7655544,-120.2513521,3
2013,2013-11-04,1150,11,3,11,1,N,A,Y,A,H,A,A,07,E,08,E,,,,,I,Y,N,D,1,0,0,0,22107.0,1,35.5739102,-120.7320138,3
2013,2013-11-10,1540,11,3,15,7,N,A,Y,A,H,A,A,01,S,01,E,,,,,I,Y,N,D,1,0,0,0,23152.0,1,35.6884805,-120.6969527,3
2013,2013-11-26,1045,11,3,10,2,N,A,N,A,H,A,E,22,E,03,C,,,,,C,Y,N,D,1,0,0,0,22350.0,2,35.5559675,-120.535524,3
2013,2013-11-27,1515,11,3,15,3,N,A,Y,A,H,A,A,07,S,03,C,,,,Y,C,Y,N,D,1,0,0,0,22350.0,4,35.5789137,-120.6972305,3
2013,2013-11-20,1642,11,3,16,3,N,A,N,A,H,B,A,07,W,05,A,,,,,C,Y,N,D,4,0,0,0,21650.0,2,35.6962239,-120.7117427,4
2013,2013-11-21,1700,11,3,17,4,Y,B,Y,A,H,A,D,22,,09,D,,,,,C,N,N,D,1,0,0,0,21802.0,2,35.6933667,-120.6965743,4
2013,2013-10-31,858,10,3,8,4,N,A,N,A,H,A,A,01,S,03,C,,,,,C,N,N,A,1,0,0,0,22350.0,2,35.2947222,-120.6636162,4
2013,2013-11-22,1714,11,3,17,5,N,B,Y,A,H,A,D,22,E,05,B,,,,,C,Y,N,D,2,0,0,0,21460.0,4,35.6615577,-120.4099502,4
2013,2013-10-24,750,10,3,7,4,N,A,N,A,H,A,L,04,S,06,D,,Y,,,G,N,N,A,1,0,1,0,21755.0,2,35.2789111,-120.6504539,3
2013,2013-10-23,1324,10,3,13,3,N,A,N,A,H,A,A,01,N,03,C,,,,,C,Y,N,A,1,0,0,0,22350.0,2,35.2625485,-120.6427431,3
2013,2013-10-22,1745,10,3,17,2,N,A,Y,A,H,B,-,- ,E,18,E,,,Y,,H,N,N,D,1,0,0,1,,1,35.5386845,-120.8141103,4
2013,2013-10-27,1055,10,3,10,7,N,A,Y,A,H,A,C,02,S,03,F,,,Y,,A,N,N,D,1,0,0,1,22350.0,1,35.7854176,-121.3334623,4
2013,2013-10-21,1014,10,3,10,1,N,A,N,A,H,A,A,07,S,09,D,,,,,C,Y,N,A,1,0,0,0,21804.0,2,35.114538,-120.5915727,4
2013,2013-12-04,745,12,4,7,3,N,B,N,A,H,A,A,08,S,05,B,,,,Y,C,Y,N,D,1,0,0,0,21460.0,2,35.75722,-120.88073,3
2013,2013-11-10,1806,11,3,18,7,N,A,Y,A,H,D,A,01,S,03,C,,,,,C,Y,N,A,1,0,0,0,22350.0,2,35.4146722,-120.8740899,4
2013,2013-12-05,1700,12,4,17,4,N,A,Y,A,H,B,-,- ,S,00,H,,Y,,,A,N,N,D,1,0,1,0,,1,,,3
2013,2013-11-30,1800,11,3,18,6,N,A,N,A,H,D,A,01,N,03,E,,,,,I,Y,M,D,1,0,0,0,22350.0,1,35.5987363,-120.8328321,2
2013,2013-11-30,1802,11,3,18,6,N,A,N,A,H,D,A,01,N,05,A,,,,,C,Y,N,D,2,0,0,0,21460.0,2,35.5946133,-120.8231007,3
2013,2013-11-26,1844,11,3,18,2,N,A,Y,A,H,D,A,01,N,03,C,,,,,C,N,N,D,2,0,0,0,22350.0,3,35.5008549,-120.6883327,4
2013,2013-12-02,955,12,4,9,1,N,A,Y,A,H,A,A,01,N,08,E,,,,,I,Y,N,D,1,0,0,0,22107.0,1,35.7643938,-120.2523987,4
2013,2013-10-30,1610,10,3,16,3,N,A,N,A,H,A,A,01,W,08,C,,,,,C,Y,N,A,1,0,0,0,22107.0,2,35.2777962,-120.6664439,4
2013,2013-12-16,1620,12,4,16,1,N,A,Y,A,H,B,D,22,S,08,E,,,,,I,Y,N,D,1,0,0,0,22107.0,1,35.7810386,-120.2047808,3
2013,2013-10-22,1430,10,3,14,2,N,A,N,A,H,A,L,04,N,03,H,,Y,,,G,N,N,D,1,0,1,0,22350.0,2,35.1361535,-120.6242516,3
2013,2013-11-22,1632,11,3,16,5,N,A,N,A,H,B,A,01,S,01,C,,,,,C,Y,N,A,1,0,0,0,23152.0,2,35.2851071,-120.6622169,3
2014,2014-02-04,1235,2,4,12,2,N,B,Y,B,H,A,A,01,E,03,F,,,,,I,Y,N,D,0,0,0,0,22350.0,1,35.45942016,-120.72229494,1
2014,2014-01-05,25,1,4,0,7,N,A,N,A,H,D,D,22,S,08,E,,,,,I,Y,N,D,0,0,0,0,22107.0,1,35.18704,-120.71363,1
2014,2014-02-02,1433,2,4,14,7,N,B,Y,B,H,A,M,47,N,08,F,,,,,A,Y,N,D,0,0,0,0,22107.0,1,35.77282676,-121.32516308,1
2014,2014-02-14,1220,2,4,12,5,N,A,N,A,H,A,A,01,N,08,E,,,,,I,Y,N,D,0,0,0,0,22107.0,1,35.23004096,-120.69061351,1
2014,2014-03-14,2335,3,1,23,5,N,A,N,A,H,D,A,07,E,03,F,,,,,A,Y,N,D,1,0,0,0,22350.0,1,35.48102,-120.92261,1
2014,2014-03-18,1120,3,1,11,2,-,A,N,A,B,A,-,- ,N,00,E,,Y,,,J,N,N,D,0,0,0,0,,1,35.13635754,-120.62626545,1
2013,2013-12-21,1841,12,4,18,6,Y,A,N,A,H,C,-,- ,,18,C,,,,,C,Y,N,A,1,0,0,0,,3,35.1213449,-120.5839326,4
2013,2013-04-11,2330,4,1,23,4,N,A,Y,A,H,D,A,01,N,08,E,,,,,I,Y,N,D,2,0,0,0,22107.0,1,35.387754,-120.6274303,1
2014,2014-06-18,1147,6,2,11,3,N,A,Y,A,H,A,C,02,S,03,C,,,Y,,C,Y,N,D,0,0,0,0,22350.0,2,35.44998324,-120.9324958,1
2014,2014-10-01,1114,10,3,11,3,N,A,N,A,H,A,A,01,E,- ,C,,Y,,,G,N,F,D,0,0,0,0,,2,35.07808348,-120.53966134,1
2014,2014-10-14,2008,10,3,20,2,N,A,Y,A,H,D,N,60,E,11,G,Y,,,,B,Y,N,D,0,0,0,0,21955.0,3,35.48181083,-120.66611726,1
2014,2014-10-08,1035,10,3,10,3,N,A,N,A,E,A,C,02,S,08,F,,,Y,,A,N,N,D,0,0,0,0,22107.0,1,35.41020949,-120.46117365,1
2014,2014-10-25,1605,10,3,16,6,N,A,Y,A,H,A,D,22,S,01,E,,,,,I,Y,N,D,3,0,0,0,23152.0,1,35.46458801,-120.97108429,1
2014,2014-10-29,1840,10,3,18,3,N,A,N,A,H,D,L,04,E,09,H,,Y,,,G,Y,N,D,0,0,0,0,21804.0,2,35.29754843,-120.76836306,1
2014,2014-10-31,1750,10,3,17,5,N,C,Y,B,H,A,I,11,S,03,E,,,,,I,Y,N,D,0,0,0,0,22350.0,1,35.36867067,-120.64104581,1
2014,2014-11-04,352,11,3,3,2,N,A,N,A,H,D,A,01,S,01,E,,,,,I,Y,N,D,0,0,0,0,23152.0,1,35.07593791,-120.52394339,1
2014,2014-11-17,1415,11,3,14,1,N,A,N,A,H,A,A,01,N,01,A,,,,,C,Y,N,D,1,0,0,0,23152.0,2,35.28627263,-120.70043847,1
2014,2014-11-09,32,11,3,0,7,N,A,N,A,H,D,D,22,N,01,E,,,,,I,Y,N,D,0,0,0,0,23152.0,1,35.66073432,-120.69255735,1
2015,2015-03-23,655,3,1,6,1,N,E,Y,A,H,A,D,22,W,09,A,,,,,C,Y,N,A,1,0,0,0,21801.0,2,35.73442155,-120.28473505,1
2015,2015-07-26,1807,7,2,18,7,N,A,Y,A,H,A,C,02,N,03,E,,,Y,,I,Y,N,D,0,0,0,0,22350.0,1,35.23182205,-120.68998883,1
2015,2015-08-01,1400,8,2,14,6,N,A,Y,A,H,A,A,01,E,05,A,,,,,C,Y,N,D,2,0,0,0,21650.0,3,35.39504107,-120.83420816,1
2015,2015-08-14,1615,8,2,16,5,Y,A,Y,A,H,A,A,07,,09,D,,,,Y,C,Y,N,D,0,0,0,0,21802.0,2,35.71345888,-120.69410573,1
2013,2013-10-24,1630,10,3,16,4,N,A,N,A,H,A,N,60,N,11,G,Y,,,,B,Y,N,D,1,1,0,0,21954.0,2,35.6445118,-120.6891313,3
2013,2013-11-08,1516,11,3,15,5,N,A,N,A,H,A,A,07,S,03,C,,,,,C,N,N,D,1,0,0,0,22350.0,3,35.6305454,-120.6917488,4
2013,2013-11-04,2303,11,3,23,1,N,A,N,A,H,C,A,01,N,03,E,,,,,I,Y,N,A,1,0,0,0,22350.0,1,35.605001,-120.6665132,3
2013,2013-11-01,2359,11,3,23,5,N,A,N,A,H,C,A,01,W,03,F,,,,,I,Y,N,D,4,0,0,0,22350.0,1,35.6028564,-120.6707976,2
2013,2013-11-12,747,11,3,7,2,N,B,N,A,H,A,A,01,W,03,C,,,,,C,Y,M,A,2,0,0,0,22350.0,2,35.6157949,-120.6738191,4
2013,2013-11-20,2320,11,3,23,3,N,B,Y,B,H,C,D,22,S,01,E,,,,,I,Y,N,D,1,0,0,0,23152.0,1,35.2721149,-120.6723226,4