ACCIDENT_YEAR,COLLISION_DATE,COLLISION_TIME,MONTH,SEASON,24HOURS,DAY_OF_WEEK,INTERSECTION,WEATHER_1,STATE_HWY_IND,ROAD_SURFACE,ROAD_COND_1,LIGHTING,STWD_VEHTYPE_AT_FAULT,CHP_VEHTYPE_AT_FAULT,DIRECTION,PCF_VIOL_CATEGORY,TYPE_OF_COLLISION,PEDESTRIAN_ACCIDENT,BICYCLE_ACCIDENT,MOTORCYCLE_ACCIDENT,TRUCK_ACCIDENT,MVIW,TOW_AWAY,HIT_AND_RUN,CONTROL_DEVICE,NUMBER_INJURED,COUNT_PED_INJURED,COUNT_BICYCLIST_INJURED,COUNT_MC_INJURED,PCF_VIOLATION,PARTY_COUNT,POINT_Y,POINT_X,COLLISION_SEVERITY
2018,2018-10-10,1450,10,3,14,3,N,B,N,A,H,A,A,01,N,08,E,,,,,I,Y,N,D,1,0,0,0,22107.0,1,35.35020446777344,-120.8280792236328,4
2018,2018-10-11,1520,10,3,15,4,N,A,Y,A,H,A,A,01,S,03,C,,,,,C,Y,N,D,1,0,0,0,22350.0,2,35.161231994628906,-120.6807098388672,4
2018,2018-10-12,1220,10,3,12,5,Y,A,N,A,H,A,A,01,,09,D,,,,,C,Y,N,D,1,0,0,0,21802.0,2,35.093318939208984,-120.56279754638672,4
2018,2018-10-07,1500,10,3,15,7,N,A,N,A,H,A,N,60,W,22,D,Y,,,,B,N,N,D,1,1,0,0,,2,35.04225158691406,-120.46933746337892,4
2018,2018-10-06,2310,10,3,23,6,N,A,N,A,H,C,A,07,E,01,E,,,,,I,Y,N,D,2,0,0,0,23152.0,1,35.54011917114258,-120.72955322265624,3
2018,2018-10-11,2010,10,3,20,4,N,A,Y,A,D,D,A,01,N,03,C,,,,,C,Y,N,A,1,0,0,0,22350.0,3,35.593360900878906,-120.6952667236328,3
2018,2018-10-09,2000,10,3,20,2,N,A,Y,A,D,D,A,01,N,07,C,,,,,C,Y,N,D,4,0,0,0,21658.0,3,35.59450912475586,-120.69525909423828,3
2018,2018-10-04,707,10,3,7,4,Y,B,N,A,H,A,A,01,,03,C,,,,,C,Y,N,D,1,0,0,0,22350.0,2,35.57550048828125,-120.61652374267578,4
2018,2018-10-14,1605,10,3,16,7,N,A,Y,A,H,A,A,01,N,03,C,,,,,C,Y,N,D,1,0,0,0,22350.0,2,35.038917541503906,-120.48662567138672,4
2018,2018-10-08,625,10,3,6,1,Y,A,Y,A,H,B,A,01,,09,A,,,,,C,Y,N,D,1,0,0,0,21801.0,2,35.01076889038086,-120.56759643554688,3
2018,2018-10-13,2240,10,3,22,6,Y,B,N,A,H,C,A,07,,09,D,,,,,C,Y,N,A,2,0,0,0,21802.0,2,35.024688720703125,-120.49846649169922,3
2018,2018-10-17,738,10,3,7,3,N,A,Y,A,H,A,A,07,S,03,C,,,,,C,Y,N,D,1,0,0,0,22350.0,3,35.089458465576165,-120.53743743896484,3
2018,2018-10-18,1355,10,3,13,4,Y,A,N,A,H,A,L,04,,12,D,,Y,,,C,N,N,D,1,0,1,0,22450.0,2,35.28166961669922,-120.70842742919922,3
2018,2018-10-18,1650,10,3,16,4,N,A,N,A,H,A,A,01,S,03,C,,,,,C,N,N,D,1,0,0,0,22350.0,2,35.32979202270508,-120.82333374023438,4
2018,2018-10-18,2059,10,3,20,4,N,A,N,A,H,D,A,07,N,08,F,,,,,A,Y,N,D,1,0,0,0,22107.0,1,35.18400955200195,-120.55133819580078,2
2018,2018-10-20,1720,10,3,17,6,N,A,Y,A,H,A,D,22,S,07,F,,,,,A,Y,F,D,5,0,0,0,21658.0,2,35.21855926513672,-120.69439697265624,2
2018,2018-10-24,1707,10,3,17,3,N,A,N,A,H,A,A,07,S,03,C,,,,,C,N,N,D,3,0,0,0,22350.0,2,35.736419677734375,-120.68537902832033,4
2018,2018-10-20,2057,10,3,20,6,N,A,Y,A,H,D,C,02,E,03,E,,,Y,,I,Y,N,D,2,0,0,2,22350.0,1,35.29087829589844,-120.65865325927734,2
2018,2018-10-21,1740,10,3,17,7,N,A,Y,A,H,A,A,07,N,08,B,,,,,C,Y,N,D,1,0,0,0,22107.0,2,35.15102005004883,-120.6552963256836,4
2018,2018-10-18,1907,10,3,19,4,N,A,Y,A,H,D,A,07,N,03,C,,,,Y,C,Y,N,D,1,0,0,0,22350.0,2,35.33213806152344,-120.62338256835938,2
2018,2018-10-24,700,10,3,7,3,N,B,N,A,H,A,C,02,W,08,F,,,Y,,A,Y,N,D,1,0,0,1,22107.0,1,35.657012939453125,-120.51545715332033,4
2018,2018-10-27,1840,10,3,18,6,N,A,N,A,H,D,A,07,W,08,D,,,Y,,C,N,N,D,1,0,0,1,22107.0,2,35.037551879882805,-120.4833984375,4
2018,2018-10-23,1605,10,3,16,2,N,A,Y,A,H,A,F,55,S,03,C,,,,Y,C,Y,N,D,4,0,0,0,22350.0,3,35.2302360534668,-120.62950897216795,4
2018,2018-10-26,1535,10,3,15,5,N,A,Y,A,H,A,A,07,S,03,C,,,,,C,Y,N,D,2,0,0,0,22350.0,2,35.34584045410156,-120.62896728515624,3
2018,2018-10-29,627,10,3,6,1,N,A,Y,A,H,D,A,01,S,03,C,,,,,C,Y,N,D,1,0,0,0,22350.0,3,35.014198303222656,-120.4587860107422,4
2018,2018-10-28,2250,10,3,22,7,N,A,N,A,H,C,C,02,N,01,F,,,Y,,A,N,N,D,1,0,0,1,23152.0,1,35.0419807434082,-120.52425384521484,4
2018,2018-10-19,2150,10,3,21,5,N,A,Y,A,H,D,A,01,S,01,A,,,,,C,Y,N,D,2,0,0,0,23152.0,3,35.22148132324219,-120.62161254882812,2
2018,2018-10-28,1320,10,3,13,7,N,A,Y,A,H,A,C,02,N,08,F,,,Y,,A,N,N,D,2,0,0,2,22107.0,1,35.46052169799805,-120.7464599609375,3
2018,2018-10-24,1030,10,3,10,3,N,A,Y,A,H,A,A,01,N,01,F,,,,,A,Y,N,D,1,0,0,0,23152.0,1,35.231197357177734,-120.69042205810548,4
2018,2018-10-25,650,10,3,6,4,N,A,N,A,H,B,A,01,S,01,D,,,,,C,Y,N,A,2,0,0,0,23152.0,2,35.15044403076172,-120.58678436279295,4
2018,2018-10-30,640,10,3,6,2,N,A,N,A,H,D,A,07,W,03,C,,,,,C,Y,N,D,1,0,0,0,22350.0,2,35.282623291015625,-120.72771453857422,2
2018,2018-10-30,1650,10,3,16,2,N,A,N,A,H,A,A,08,S,08,E,,,,,I,Y,N,D,1,0,0,0,22107.0,1,35.00315856933594,-120.45733642578124,4
2018,2018-10-31,1607,10,3,16,3,N,A,Y,A,H,A,A,01,S,03,C,,,,,C,Y,N,D,1,0,0,0,22350.0,2,35.60920715332031,-120.69164276123048,4
2018,2018-10-31,1740,10,3,17,3,N,A,Y,A,H,A,D,22,N,01,E,,,,,I,Y,N,D,1,0,0,0,23152.0,1,35.2833366394043,-120.66746520996094,3
2018,2018-11-02,2015,11,3,20,5,N,A,N,A,H,D,C,02,S,01,E,,,Y,,I,Y,N,D,1,0,0,1,23152.0,1,35.03431701660156,-120.50054931640624,2
2018,2018-10-30,1707,10,3,17,2,N,A,N,A,H,A,A,01,W,03,C,,,,,C,Y,N,A,1,0,0,0,22350.0,4,35.246856689453125,-120.65203857421876,4
2018,2018-10-28,1250,10,3,12,7,N,A,N,A,H,A,C,02,N,08,F,,,Y,,A,N,N,A,1,0,0,1,22107.0,1,35.556739807128906,-120.61148071289062,2
2018,2018-09-16,1755,9,3,17,7,N,A,Y,A,H,A,C,02,W,08,C,,,Y,,C,Y,N,D,1,0,0,1,22107.0,3,35.581756591796875,-120.71787261962892,1
2018,2018-11-05,1216,11,3,12,1,N,A,Y,A,H,A,D,22,S,03,C,,,,,C,Y,N,D,3,0,0,0,22350.0,2,35.06901550292969,-120.51358795166016,3
2018,2018-09-06,1155,9,3,11,4,N,A,Y,A,H,A,C,06,N,08,F,,,Y,,A,N,N,D,1,0,0,1,22107.0,1,35.53401565551758,-120.54430389404295,2
2018,2018-11-02,1845,11,3,18,5,N,A,Y,A,H,D,A,01,S,08,E,,,,,I,Y,N,D,2,0,0,0,22107.0,1,35.049495697021484,-120.4958038330078,4
2018,2018-10-30,1010,10,3,10,2,Y,A,Y,A,H,A,E,22,,08,B,,Y,,,G,N,N,D,1,0,1,0,22107.0,2,35.09441375732422,-120.58184051513672,3
2018,2018-11-01,1535,11,3,15,4,N,A,N,A,H,A,A,01,N,03,E,,,,,I,Y,N,D,1,0,0,0,22350.0,1,35.314163208007805,-120.77562713623048,3
2018,2018-10-28,1315,10,3,13,7,N,A,Y,A,D,A,F,25,N,03,E,,,,Y,I,Y,N,D,2,0,0,0,22350.0,1,35.75369644165039,-120.69967651367188,2
2018,2018-11-02,940,11,3,9,5,N,A,N,A,H,A,L,04,N,08,F,,Y,,,A,N,N,D,1,0,1,0,22107.0,1,35.56327438354492,-120.66839599609376,2
2018,2018-11-06,820,11,3,8,2,N,A,Y,A,H,A,A,01,N,03,C,,,,,C,Y,N,D,2,0,0,0,22350.0,2,35.132911682128906,-120.61477661132812,4
2018,2018-11-07,1745,11,3,17,3,N,A,Y,A,H,D,D,22,N,03,C,,,,,C,N,N,A,1,0,0,0,22350.0,3,35.0366096496582,-120.4854736328125,4
2018,2018-11-08,1735,11,3,17,4,N,A,Y,A,H,D,A,07,N,03,C,,,,,C,Y,N,D,2,0,0,0,22350.0,2,35.28996276855469,-120.65917205810548,3
2018,2018-11-07,950,11,3,9,3,N,A,Y,A,H,A,A,01,S,01,F,,,,,A,Y,N,D,1,0,0,0,23152.0,1,35.27117156982422,-120.67256927490234,3
2018,2018-09-03,820,9,3,8,1,Y,B,Y,A,H,A,L,04,,09,D,,Y,,,G,N,N,D,1,0,1,0,21801.0,2,35.643898010253906,-121.18544769287108,2
2018,2018-11-06,1415,11,3,14,2,N,A,N,A,H,A,C,03,E,08,F,,,Y,,A,N,N,D,1,0,0,1,22107.0,1,35.386253356933594,-120.7744598388672,4
2018,2018-10-26,835,10,3,8,5,N,A,N,A,H,A,A,01,N,08,E,,,,,I,Y,N,D,1,0,0,0,22107.0,1,35.359153747558594,-120.47830963134766,2
2018,2018-10-09,635,10,3,6,2,N,B,Y,A,H,D,-,- ,S,18,H,,,Y,,H,Y,N,D,0,0,0,0,,3,35.10941696166992,-120.55943298339844,1
2018,2018-10-22,1953,10,3,19,1,N,A,Y,A,H,D,A,01,S,08,E,,,,,I,Y,N,D,0,0,0,0,22107.0,1,35.163665771484375,-120.68659973144533,1
2018,2018-11-03,1310,11,3,13,6,N,A,N,A,H,A,A,08,S,01,C,,,,,C,Y,N,A,1,0,0,0,23152.0,2,35.10414505004883,-120.60565185546876,3
2018,2018-11-12,651,11,3,6,1,N,A,Y,A,H,B,A,01,N,03,C,,,,Y,C,Y,N,D,2,0,0,0,22350.0,2,35.219120025634766,-120.61830902099608,4
2018,2018-10-27,2215,10,3,22,6,N,A,Y,A,H,D,-,- ,N,18,E,,,,,I,Y,N,D,1,0,0,0,,1,35.45307540893555,-120.9033203125,2
2018,2018-11-04,715,11,3,7,7,N,A,N,A,H,A,-,- ,W,18,H,,,,,H,Y,N,D,1,0,0,0,,1,35.16067123413086,-120.6334228515625,4
2018,2018-11-02,948,11,3,9,5,N,A,Y,A,H,A,A,01,S,07,B,,,,,C,Y,F,D,1,0,0,0,21658.0,2,35.11642074584961,-120.57406616210938,3
2018,2018-11-04,2500,11,3,25,7,N,A,Y,A,H,D,A,01,N,08,E,,,,,I,N,N,D,1,0,0,0,22107.0,1,35.497905731201165,-120.68447113037108,4
2018,2018-11-05,1204,11,3,12,1,Y,A,N,A,H,A,A,01,,09,D,,Y,,,G,N,N,D,1,0,1,0,21801.0,2,35.548728942871094,-121.08908081054688,3
2018,2018-11-05,2004,11,3,20,1,N,A,Y,A,H,C,A,07,S,08,F,,,,,A,Y,N,D,1,0,0,0,22107.0,1,35.52082443237305,-120.7039794921875,4
2018,2018-11-07,1714,11,3,17,3,N,A,Y,A,H,B,D,22,N,03,C,,,,,C,Y,N,D,6,0,0,0,22350.0,4,35.554439544677734,-120.71184539794922,4
2018,2018-11-09,1604,11,3,16,5,N,A,N,A,H,A,A,01,N,09,D,,,,,C,Y,N,D,3,0,0,0,21804.0,2,35.7504997253418,-120.68275451660156,3
2018,2018-11-10,30,11,3,0,6,N,A,Y,A,H,D,A,07,N,08,E,,,,,I,Y,N,D,1,0,0,0,22107.0,1,35.44626235961914,-120.63884735107422,2
2018,2018-11-11,740,11,3,7,7,N,A,Y,A,H,A,A,01,N,03,C,,,,,C,Y,N,D,3,0,0,0,22350.0,3,35.17030715942383,-120.69300842285156,3
2018,2018-11-09,1500,11,3,15,5,N,A,N,A,H,E,A,01,N,09,D,,,,,C,Y,N,D,3,0,0,0,21801.0,2,35.57154846191406,-120.79120635986328,3
2018,2018-11-14,755,11,3,7,3,N,A,Y,A,H,A,A,01,S,03,C,,,,,C,N,N,A,2,0,0,0,22350.0,2,35.51322555541992,-120.69930267333984,4
2018,2018-11-12,1030,11,3,10,1,N,A,N,A,H,A,-,- ,N,18,E,,,,,I,N,N,D,1,0,0,0,,1,35.56635284423828,-120.6854248046875,4
2018,2018-11-09,1918,11,3,19,5,N,A,N,A,H,C,L,04,W,14,D,,Y,,,C,N,N,A,1,0,1,0,21201.0,2,35.564422607421875,-121.095947265625,3
2018,2018-11-12,1035,11,3,10,1,N,A,Y,A,H,A,A,01,S,03,C,,,,,C,N,N,D,2,0,0,0,22350.0,2,35.64064025878906,-120.68412017822266,4
2018,2018-11-11,1300,11,3,13,7,N,A,N,A,B,A,C,02,N,03,F,,,Y,,A,Y,N,D,1,0,0,1,22350.0,1,35.01634216308594,-119.5255126953125,4
2018,2018-11-15,1445,11,3,14,4,N,A,Y,A,H,A,D,22,S,08,B,,,,,C,Y,N,D,1,0,0,0,22107.0,2,35.48752975463867,-120.66878509521484,4
2018,2018-11-16,1418,11,3,14,5,Y,A,Y,A,H,A,A,01,,09,D,,,,,C,Y,N,A,1,0,0,0,21802.0,2,35.661407470703125,-120.41407012939452,3
2018,2018-11-15,2239,11,3,22,4,Y,A,Y,A,H,D,A,01,,01,E,,,,,I,Y,N,D,1,0,0,0,23152.0,1,34.996368408203125,-120.43401336669922,3
2018,2018-04-19,1400,4,1,14,4,N,A,Y,A,H,A,L,04,N,08,F,,Y,,,A,N,N,D,1,0,1,0,22107.0,1,35.09450912475586,-120.58181762695312,3
2018,2018-11-16,1205,11,3,12,5,N,A,N,A,H,A,A,01,N,09,D,,,,,C,N,N,D,1,0,0,0,21804.0,2,35.316505432128906,-120.83683776855467,3
2018,2018-11-16,2130,11,3,21,5,Y,A,N,A,H,D,D,22,,21,E,,,,,I,Y,N,D,1,0,0,0,22106.0,1,35.31256866455078,-120.8237762451172,2
2018,2018-11-21,656,11,3,6,3,N,A,Y,A,H,A,A,01,S,08,E,,,,,I,Y,N,D,3,0,0,0,22107.0,2,35.159332275390625,-120.67540740966795,3
2018,2018-11-17,948,11,3,9,6,N,A,Y,A,H,A,D,22,N,08,C,,,,,C,Y,N,D,1,0,0,0,22107.0,3,35.29654693603516,-120.63021850585938,4
2018,2018-11-18,45,11,3,0,7,N,A,Y,A,H,D,D,22,N,08,E,,,,,I,Y,N,D,1,0,0,0,22107.0,1,35.3482666015625,-120.77113342285156,3
2018,2018-11-06,2359,11,3,23,2,N,A,N,A,H,D,A,01,E,01,E,,,,,I,Y,N,D,1,0,0,0,23152.0,1,35.09928512573242,-120.56939697265624,3
2018,2018-11-18,1323,11,3,13,7,N,A,N,A,H,A,A,01,S,03,C,,,,,C,Y,N,D,1,0,0,0,22350.0,2,35.07996368408203,-120.58595275878906,3
2018,2018-11-16,1726,11,3,17,5,N,A,Y,A,H,E,A,01,S,03,C,,,,,C,Y,N,D,3,0,0,0,22350.0,3,35.273380279541016,-120.6718292236328,4
2018,2018-11-16,1754,11,3,17,5,N,A,Y,A,H,D,A,07,S,01,C,,,,,C,Y,N,D,1,0,0,0,23152.0,2,35.2357063293457,-120.63317108154295,2
2018,2018-11-19,1735,11,3,17,1,N,A,Y,A,H,C,A,01,S,03,C,,,,,C,N,N,D,5,0,0,0,22350.0,2,35.51213455200195,-120.69857025146484,4
2020,2020-04-13,1415,4,1,14,1,N,A,N,A,B,A,C,02,N,03,H,,,Y,,A,N,N,D,1,0,0,1,22350.0,1,35.63050079345703,-120.65567016601562,3
2018,2018-11-16,1724,11,3,17,5,N,A,Y,A,H,D,D,22,N,03,C,,,,,C,N,N,D,1,0,0,0,22350.0,3,35.59465026855469,-120.6955108642578,4
2018,2018-10-18,1725,10,3,17,4,Y,A,N,A,H,A,C,02,,01,F,,,Y,,A,Y,N,A,0,0,0,0,23152.0,1,35.03506088256836,-120.50425720214844,1
2018,2018-10-21,1915,10,3,19,7,N,A,Y,A,H,D,D,22,S,08,E,,,,,I,Y,N,D,0,0,0,0,22107.0,1,35.16852569580078,-120.58189392089844,1
2018,2018-11-20,622,11,3,6,2,N,A,Y,A,H,B,D,22,N,09,A,,,,,C,Y,N,A,1,0,0,0,21801.0,2,34.999900817871094,-120.5705337524414,2
2018,2018-11-19,1605,11,3,16,1,N,A,N,A,H,A,A,01,E,01,F,,,,,A,Y,N,D,1,0,0,0,23152.0,1,35.69013214111328,-120.78912353515624,2
2018,2018-11-26,1050,11,3,10,1,N,A,Y,A,H,A,D,22,N,04,C,,,,,E,Y,N,D,1,0,0,0,21703.0,2,35.27151107788086,-120.67227172851562,3
2018,2018-11-21,325,11,3,3,3,N,A,Y,A,H,C,D,22,S,08,E,,,,,I,Y,N,D,1,0,0,0,22107.0,1,35.22115707397461,-120.69257354736328,3
2018,2018-11-20,2220,11,3,22,2,N,A,N,A,H,D,D,22,S,01,E,,,,,I,Y,N,D,1,0,0,0,23152.0,1,35.032493591308594,-120.47690582275392,3
2018,2018-11-21,2005,11,3,20,3,N,C,Y,B,H,C,A,01,S,08,E,,,,,I,Y,N,D,1,0,0,0,22107.0,1,34.990901947021484,-120.43378448486328,3
2018,2018-11-24,300,11,3,3,6,N,A,N,B,H,D,A,01,S,01,E,,,,,I,Y,N,D,1,0,0,0,23152.0,1,35.424339294433594,-120.62208557128906,4
2018,2018-11-27,813,11,3,8,2,N,A,Y,A,H,A,A,01,S,03,C,,,,,C,Y,N,D,1,0,0,0,22350.0,2,35.61069107055664,-120.69174194335938,4
2018,2018-11-28,2117,11,3,21,3,N,B,Y,B,H,D,A,01,S,03,E,,,,,I,Y,N,D,2,0,0,0,22350.0,1,35.53668594360352,-120.71182250976562,3
2018,2018-11-27,722,11,3,7,2,N,A,Y,A,H,A,A,01,S,03,C,,,,,C,Y,N,D,3,0,0,0,22350.0,2,35.16244125366211,-120.68334197998048,4
2018,2018-10-07,1646,10,3,16,7,Y,A,Y,A,H,A,A,01,,09,D,,,Y,,C,Y,N,A,2,0,0,0,21802.0,2,,,1
2018,2018-11-29,1418,11,3,14,4,N,C,Y,B,H,A,A,01,S,03,F,,,,,I,Y,N,D,1,0,0,0,22350.0,1,35.3681526184082,-120.64093780517578,4
2020,2020-02-16,1911,2,4,19,7,N,A,N,A,H,D,A,01,W,03,E,,,,,J,Y,N,D,1,0,0,0,22350.0,1,35.12842559814453,-120.60237884521484,4
2020,2020-02-10,1104,2,4,11,1,N,A,N,A,H,A,A,01,E,08,F,,,,,I,Y,N,D,1,0,0,0,22107.0,1,35.11278533935547,-120.5854263305664,3
2018,2018-12-02,1545,12,4,15,7,N,A,N,A,H,A,A,08,N,05,A,,,,,C,Y,N,D,1,0,0,0,21650.0,2,35.313358306884766,-120.8244400024414,2
2018,2018-11-17,138,11,3,1,6,Y,A,N,A,H,D,A,01,,01,E,,,,,I,Y,N,A,1,0,0,0,23152.0,1,35.65953063964844,-120.60562133789062,2
2018,2018-11-29,1137,11,3,11,4,N,B,Y,B,H,A,A,01,S,03,E,,,,,I,Y,N,D,1,0,0,0,22350.0,1,35.3784294128418,-120.63460540771484,3
2018,2018-11-25,1312,11,3,13,7,N,A,N,A,H,A,C,02,S,05,A,,,Y,,C,Y,N,D,1,0,0,1,21650.0,2,35.188919067382805,-120.69541931152344,3
2018,2018-12-06,1340,12,4,13,4,N,A,N,A,H,A,A,01,N,01,E,,,,,I,Y,N,D,1,0,0,0,23152.0,1,35.04271697998047,-120.38013458251952,3
2018,2018-07-25,742,7,2,7,3,N,A,Y,A,H,A,F,26,W,08,A,,,,Y,C,Y,N,D,2,0,0,0,22107.0,2,35.73331832885742,-120.28977966308594,1
2018,2018-11-10,1930,11,3,19,6,Y,A,N,A,H,D,D,22,,09,D,,,Y,,C,Y,N,A,0,0,0,0,21802.0,2,34.99893951416016,-120.43543243408205,1
2018,2018-11-18,1730,11,3,17,7,N,A,N,A,H,D,D,22,E,01,G,Y,,,,B,N,F,D,0,0,0,0,23152.0,2,35.32037353515625,-120.84442901611328,1
2018,2018-12-14,1507,12,4,15,5,N,B,Y,A,H,A,A,01,N,03,C,,,,,C,Y,N,A,2,0,0,0,22350.0,3,35.225006103515625,-120.62623596191406,3
2018,2018-12-15,1635,12,4,16,6,N,A,Y,A,H,B,A,01,E,08,E,,,,,I,Y,N,D,1,0,0,0,22107.0,1,35.01602935791016,-120.34654235839844,3
2018,2018-10-28,400,10,3,4,7,N,A,Y,A,H,D,A,01,W,08,E,,,,,I,Y,F,D,1,0,0,0,22107.0,1,35.65941619873047,-120.54706573486328,2
2018,2018-12-11,1720,12,4,17,2,Y,A,N,A,H,D,D,22,,09,D,,,,,C,Y,N,D,1,0,0,0,21801.0,3,35.57453918457031,-120.69811248779295,4
2018,2018-12-11,720,12,4,7,2,N,A,Y,A,H,A,D,22,S,08,F,,,,,I,Y,N,D,1,0,0,0,22107.0,1,,,3
2018,2018-12-10,1435,12,4,14,1,N,B,Y,A,H,A,A,01,S,07,B,,,,Y,C,Y,N,D,3,0,0,0,21658.0,3,35.77913284301758,-120.19475555419922,3
2018,2018-12-07,1602,12,4,16,5,N,A,Y,A,H,A,C,02,S,03,E,,,Y,,I,Y,N,D,1,0,0,1,22350.0,1,35.091899871826165,-120.5822296142578,3
2018,2018-12-19,520,12,4,5,3,N,A,N,A,H,D,A,01,E,08,E,,,,,I,Y,N,D,1,0,0,0,22107.0,1,35.14862823486328,-120.5885772705078,3
2018,2018-10-11,445,10,3,4,4,N,B,Y,A,H,D,N,60,N,17,G,Y,,,,B,N,F,D,0,0,0,0,21461.0,2,35.62894058227539,-120.68679809570312,1
2018,2018-11-20,1805,11,3,18,2,N,B,Y,A,D,D,A,07,E,08,F,,,,,A,Y,N,C,7,0,0,0,22107.0,1,35.677738189697266,-120.34413909912108,1
2018,2018-11-20,1817,11,3,18,2,N,B,Y,A,D,D,A,07,W,21,E,,,,,I,Y,N,D,1,0,0,0,22106.0,1,,,2
2018,2018-12-12,1106,12,4,11,3,N,A,Y,A,H,A,-,- ,N,18,E,,,,Y,J,Y,N,D,1,0,0,0,,2,35.18653869628906,-120.701171875,3
2018,2018-12-15,244,12,4,2,6,N,A,N,A,H,D,A,07,S,08,E,,,,,I,Y,N,A,1,0,0,0,22107.0,1,35.42714309692383,-120.60441589355467,2
2018,2018-12-15,1030,12,4,10,6,N,A,Y,A,H,A,A,01,,03,C,,,,,C,N,N,D,1,0,0,0,22350.0,2,35.13014602661133,-120.60623168945312,3
2018,2018-12-21,1715,12,4,17,5,N,A,N,A,H,A,A,07,S,03,C,,,,,C,Y,N,A,1,0,0,0,22350.0,2,35.543739318847656,-120.70979309082033,4
2018,2018-12-20,1330,12,4,13,4,N,B,Y,A,H,A,A,01,N,07,C,,,,,C,Y,N,D,1,0,0,0,21658.0,2,35.59602737426758,-120.69513702392578,4
2018,2018-12-23,1135,12,4,11,7,N,A,Y,A,H,A,A,01,W,03,C,,,,,C,Y,N,D,4,0,0,0,22350.0,2,34.998741149902344,-120.38572692871094,4
2018,2018-12-17,628,12,4,6,1,N,C,Y,B,H,B,D,22,W,05,B,,,,Y,C,Y,N,D,1,0,0,0,21460.0,5,35.02091217041016,-120.32431793212892,4
2018,2018-12-18,220,12,4,2,2,N,E,Y,A,H,D,A,07,N,01,E,,,,,I,Y,N,D,1,0,0,0,23152.0,1,35.508907318115234,-120.62325286865234,2
2018,2018-12-16,1734,12,4,17,7,N,B,Y,A,H,C,D,22,E,01,C,,,,,C,Y,N,D,1,0,0,0,23152.0,2,35.52850341796875,-121.04273986816406,3
2018,2018-12-24,530,12,4,5,1,N,A,Y,A,H,C,N,60,N,11,G,Y,,,,B,N,N,D,1,1,0,0,21954.0,2,35.137451171875,-120.62667846679688,4
2018,2018-12-18,1640,12,4,16,2,N,A,N,A,H,A,A,01,N,05,A,,,,,C,Y,N,D,1,0,0,0,21460.0,2,35.34640884399414,-120.82573699951172,2
2018,2018-12-26,1329,12,4,13,3,N,A,Y,A,H,A,A,07,S,08,F,,,,,A,Y,N,D,2,0,0,0,22107.0,1,35.56217193603516,-120.70479583740234,3
2018,2018-12-26,1440,12,4,14,3,N,A,Y,A,H,A,A,08,N,03,C,,,,,C,Y,N,D,1,0,0,0,22350.0,4,35.592411041259766,-120.69551849365234,4
2018,2018-12-23,1238,12,4,12,7,N,A,N,A,H,A,A,07,N,08,E,,,,,I,Y,N,D,1,0,0,0,22107.0,1,35.62961196899414,-120.55587768554688,3
2018,2018-12-22,615,12,4,6,6,N,A,Y,A,H,B,A,07,N,07,B,,,,,C,Y,N,D,1,0,0,0,21658.0,2,35.05561447143555,-120.50159454345705,3
2018,2018-12-27,2045,12,4,20,4,Y,A,N,A,H,D,A,01,,01,D,,,,,E,Y,N,D,1,0,0,0,23152.0,2,35.0837516784668,-120.58963012695312,4
2018,2018-12-19,1722,12,4,17,3,N,A,Y,A,H,B,A,08,N,08,B,,,,,C,Y,N,D,1,0,0,0,22107.0,2,35.40105056762695,-120.82464599609376,2
2018,2018-12-30,1755,12,4,17,7,N,A,Y,A,H,D,A,01,S,03,C,,,,,C,Y,N,D,1,0,0,0,22350.0,2,35.23613739013672,-120.68445587158205,4
2019,2019-01-02,1740,1,4,17,3,N,A,Y,A,H,D,A,07,S,03,C,,,,,C,Y,N,D,1,0,0,0,22350.0,3,35.23506546020508,-120.68575286865234,4
2019,2019-01-03,105,1,4,1,4,N,A,Y,A,H,D,A,01,N,08,E,,,,,I,Y,N,D,1,0,0,0,22107.0,1,35.07194519042969,-120.51654052734376,3